timestamp,open,high,low,close,volume
1763830500,1.9446,1.9465,1.9438,1.9444,357169.5
1763830800,1.9443,1.9452,1.9388,1.9395,490079.8
1763831100,1.9394,1.9403,1.9363,1.9394,534782.7
1763831400,1.9395,1.9401,1.9334,1.9383,550008.1
1763831700,1.9382,1.9393,1.9322,1.9331,612306.2
1763832000,1.9332,1.9369,1.9317,1.9366,177807.7
1763832300,1.9366,1.9418,1.9366,1.9399,160787.3
1763832600,1.9399,1.9408,1.934,1.9345,155597.0
1763832900,1.9345,1.9346,1.9316,1.9323,168082.7
1763833200,1.9324,1.9334,1.9297,1.9307,146484.9
1763833500,1.9306,1.9313,1.9275,1.9285,123853.8
1763833800,1.9285,1.9316,1.928,1.9303,147938.5
1763834100,1.9302,1.9316,1.9272,1.9302,256885.3
1763834400,1.9303,1.9307,1.9274,1.9284,119070.9
1763834700,1.9285,1.9326,1.9262,1.9323,353018.9
1763835000,1.9322,1.9333,1.9268,1.9271,206974.7
1763835300,1.927,1.9274,1.9235,1.9263,411807.4
1763835600,1.9263,1.9276,1.9238,1.9273,178250.0
1763835900,1.9272,1.9281,1.9256,1.9281,99300.5
1763836200,1.928,1.9282,1.9227,1.9233,134630.6
1763836500,1.9232,1.9258,1.9217,1.9256,161582.8
1763836800,1.9257,1.9281,1.9256,1.9265,118947.3
1763837100,1.9264,1.9321,1.9252,1.9321,165152.2
1763837400,1.932,1.932,1.9294,1.9303,112054.5
1763837700,1.9302,1.9319,1.9289,1.9318,65383.5
1763838000,1.9319,1.9345,1.9314,1.9324,110729.2
1763838300,1.9325,1.9394,1.9307,1.9383,110922.6
1763838600,1.9382,1.9382,1.9345,1.9369,67334.3
1763838900,1.937,1.9398,1.9362,1.9375,77561.6
1763839200,1.9374,1.9374,1.9301,1.9302,152676.4
1763839500,1.9302,1.9308,1.9278,1.929,113594.7
1763839800,1.929,1.9304,1.9278,1.9293,106565.1
1763840100,1.9293,1.9319,1.9281,1.9293,102745.3
1763840400,1.9293,1.93,1.9254,1.9265,74265.1
1763840700,1.9265,1.9298,1.926,1.9298,132463.2
1763841000,1.9298,1.9349,1.9298,1.9328,73816.0
1763841300,1.9328,1.9331,1.9278,1.9278,158688.6
1763841600,1.9277,1.9321,1.926,1.9321,85404.0
1763841900,1.932,1.9339,1.9285,1.929,118603.0
1763842200,1.9289,1.9345,1.9289,1.9337,129018.4
1763842500,1.9337,1.9356,1.9299,1.9304,159170.0
1763842800,1.9304,1.9368,1.929,1.9335,127230.7
1763843100,1.9335,1.9353,1.9325,1.9342,70205.9
1763843400,1.9342,1.9347,1.9299,1.931,149354.7
1763843700,1.931,1.9325,1.9267,1.9296,107546.6
1763844000,1.9296,1.9299,1.9238,1.9239,256149.1
1763844300,1.924,1.9264,1.9219,1.9219,187420.4
1763844600,1.922,1.9251,1.9203,1.922,176864.8
1763844900,1.922,1.9285,1.9212,1.9279,131404.7
1763845200,1.9279,1.9315,1.9266,1.9314,84949.5
1763845500,1.9315,1.9342,1.9294,1.9294,134882.0
1763845800,1.9294,1.9301,1.9253,1.9263,108783.2
1763846100,1.9262,1.9298,1.9258,1.928,112456.1
1763846400,1.9279,1.9329,1.9278,1.9328,72261.3
1763846700,1.9329,1.9329,1.93,1.9306,109426.3
1763847000,1.9306,1.9318,1.9287,1.9308,193590.1
1763847300,1.9307,1.9307,1.9249,1.9261,186297.1
1763847600,1.9261,1.931,1.9261,1.9306,94941.0
1763847900,1.9306,1.9346,1.93,1.9328,153439.4
1763848200,1.9327,1.9372,1.931,1.9349,206467.2
1763848500,1.935,1.9373,1.935,1.9365,49308.7
1763848800,1.9364,1.9381,1.9319,1.9319,131008.1
1763849100,1.9319,1.9323,1.9293,1.9321,150040.5
1763849400,1.932,1.9405,1.9318,1.9405,203765.1
1763849700,1.9405,1.9463,1.9385,1.9386,643334.5
1763850000,1.9386,1.9464,1.9385,1.9456,239791.6
1763850300,1.9455,1.946,1.9396,1.9413,189406.8
1763850600,1.9412,1.943,1.9399,1.943,127094.0
1763850900,1.9429,1.9502,1.9429,1.9464,406780.9
1763851200,1.9463,1.9478,1.9445,1.9474,111677.4
1763851500,1.9474,1.9498,1.9467,1.9472,158903.5
1763851800,1.9473,1.9671,1.9471,1.9627,1169961.9
1763852100,1.9628,1.9634,1.9571,1.9582,581695.2
1763852400,1.9582,1.9614,1.9526,1.958,876802.7
1763852700,1.958,1.958,1.9487,1.9506,280924.1
1763853000,1.9506,1.9523,1.9486,1.9523,161731.4
1763853300,1.9522,1.953,1.9452,1.9473,191656.0
1763853600,1.9472,1.9517,1.9457,1.9514,224928.8
1763853900,1.9513,1.9534,1.9506,1.9518,191015.5
1763854200,1.9518,1.9561,1.9493,1.955,113903.5
1763854500,1.9549,1.9569,1.954,1.9559,128737.0
1763854800,1.9558,1.9576,1.9499,1.9524,171553.7
1763855100,1.9523,1.9542,1.9513,1.9525,88876.5
1763855400,1.9524,1.9537,1.9507,1.9508,96728.1
1763855700,1.9508,1.9514,1.9485,1.9509,88638.5
1763856000,1.9508,1.9552,1.9497,1.9536,141605.8
1763856300,1.9537,1.9558,1.952,1.9556,167340.8
1763856600,1.9556,1.9565,1.9533,1.9553,182295.5
1763856900,1.9552,1.9575,1.9504,1.9523,343387.7
1763857200,1.9522,1.9593,1.95,1.9592,333431.0
1763857500,1.9593,1.9613,1.956,1.959,498094.4
1763857800,1.9589,1.9597,1.9542,1.9577,280647.8
1763858100,1.9577,1.9584,1.9522,1.9535,217016.6
1763858400,1.9534,1.9583,1.9508,1.9583,178995.3
1763858700,1.9583,1.9606,1.9548,1.9581,183236.7
1763859000,1.9581,1.9631,1.9574,1.959,203352.6
1763859300,1.9589,1.96,1.9558,1.96,189503.9
1763859600,1.96,1.9636,1.9574,1.9636,263403.2
1763859900,1.9635,1.9668,1.9626,1.9668,224997.2
1763860200,1.9668,1.9705,1.9638,1.9686,600396.0
1763860500,1.9686,1.9761,1.9665,1.9705,400531.4
1763860800,1.9705,1.9712,1.9647,1.9664,418719.8
1763861100,1.9663,1.9743,1.9655,1.9743,243557.7
1763861400,1.9743,1.9844,1.9725,1.9828,1137955.6
1763861700,1.9828,1.9965,1.9811,1.996,1334284.6
1763862000,1.996,2.0024,1.9925,1.9972,1657476.2
1763862300,1.9971,1.9997,1.9901,1.9943,836960.8
1763862600,1.9944,2.0055,1.9923,2.001,1164045.5
1763862900,2.0009,2.0038,1.9951,1.9999,715383.8
1763863200,2.0,2.0043,1.9962,2.0026,677188.9
1763863500,2.0025,2.0082,2.0018,2.0035,770579.2
1763863800,2.0035,2.0079,2.0015,2.007,682700.9
1763864100,2.0069,2.0144,2.006,2.0093,1130666.6
1763864400,2.0093,2.0144,2.0059,2.0144,534858.8
1763864700,2.0145,2.0236,2.0145,2.0229,1309777.9
1763865000,2.0229,2.0297,2.0207,2.0282,1335483.8
1763865300,2.0281,2.042,2.0254,2.0411,2104554.4
1763865600,2.0411,2.0505,2.0374,2.0375,3467337.2
1763865900,2.0375,2.0464,2.0353,2.038,1046502.7
1763866200,2.0381,2.0387,2.0289,2.0336,969067.6
1763866500,2.0335,2.0369,2.0305,2.0319,558481.0
1763866800,2.0319,2.0329,2.0234,2.0235,782173.2
1763867100,2.0235,2.046,2.0226,2.0444,713862.7
1763867400,2.0444,2.0464,2.0331,2.035,505121.9
1763867700,2.0349,2.0376,2.03,2.0373,521825.1
1763868000,2.0372,2.0372,2.0282,2.0313,545034.2
1763868300,2.0313,2.036,2.03,2.0309,415823.3
1763868600,2.0309,2.0334,2.0257,2.0334,530901.8
1763868900,2.0335,2.0351,2.0288,2.0306,260911.5
1763869200,2.0307,2.0326,2.0282,2.0314,239314.3
1763869500,2.0313,2.0317,2.0288,2.0303,226224.6
1763869800,2.0303,2.0303,2.0269,2.028,203860.9
1763870100,2.028,2.0335,2.028,2.0307,292929.9
1763870400,2.0307,2.0381,2.0302,2.0368,512541.8
1763870700,2.0367,2.0499,2.0338,2.0485,924843.0
1763871000,2.0486,2.0522,2.0449,2.051,1075677.2
1763871300,2.0509,2.0606,2.0476,2.0603,1038734.2
1763871600,2.0604,2.0742,2.0593,2.0612,2613595.2
1763871900,2.0612,2.0675,2.0537,2.0584,970484.9
1763872200,2.0584,2.0749,2.0554,2.0747,936938.6
1763872500,2.0746,2.076,2.0661,2.0678,1283043.4
1763872800,2.0677,2.0679,2.0623,2.0654,411680.6
1763873100,2.0654,2.0683,2.0625,2.0678,671670.0
1763873400,2.0677,2.072,2.0638,2.0682,982725.7
1763873700,2.0682,2.069,2.0624,2.0654,673766.2
1763874000,2.0654,2.0655,2.0612,2.0639,528795.7
1763874300,2.064,2.0647,2.0574,2.0576,407152.4
1763874600,2.0575,2.0594,2.0535,2.0568,799240.8
1763874900,2.0568,2.0568,2.0521,2.0547,401335.3
1763875200,2.0546,2.057,2.0491,2.05,548133.7
1763875500,2.0499,2.05,2.0463,2.0485,877945.6
1763875800,2.0485,2.0489,2.0437,2.0445,645758.9
1763876100,2.0446,2.0465,2.039,2.0408,843985.5
1763876400,2.0409,2.0517,2.0399,2.0496,1094621.4
1763876700,2.0496,2.0612,2.0487,2.0593,812867.8
1763877000,2.0592,2.0597,2.052,2.0536,373368.0
1763877300,2.0536,2.0569,2.0508,2.0565,321403.1
1763877600,2.0566,2.0592,2.0547,2.0567,316773.9
1763877900,2.0566,2.0584,2.0522,2.0522,257332.5
1763878200,2.0522,2.053,2.0494,2.0509,256519.0
1763878500,2.0509,2.0513,2.046,2.0474,353842.8
1763878800,2.0474,2.0483,2.0413,2.0429,389570.0
1763879100,2.043,2.0443,2.0413,2.0441,346911.3
1763879400,2.0441,2.0449,2.0421,2.0421,229313.2
1763879700,2.0421,2.0428,2.0385,2.0415,549228.6
1763880000,2.0415,2.0455,2.0388,2.0421,547548.0
1763880300,2.042,2.0448,2.0396,2.0399,215963.3
1763880600,2.04,2.0417,2.0389,2.0417,468039.6
1763880900,2.0418,2.0419,2.0361,2.0367,389353.7
1763881200,2.0367,2.0403,2.0317,2.0337,1116736.3
1763881500,2.0336,2.0345,2.0277,2.0303,841534.9
1763881800,2.0303,2.0377,2.0303,2.037,606923.7
1763882100,2.037,2.038,2.0243,2.0259,703966.2
1763882400,2.0258,2.0292,2.0211,2.0279,681832.5
1763882700,2.0279,2.0281,2.0166,2.0193,1004544.2
1763883000,2.0192,2.0223,2.0165,2.0219,732183.6
1763883300,2.0219,2.0245,2.0199,2.0236,353400.4
1763883600,2.0235,2.0293,2.023,2.0269,366690.6
1763883900,2.0269,2.0269,2.0228,2.0242,210127.9
1763884200,2.0243,2.0252,2.0204,2.0213,248715.1
1763884500,2.0212,2.0275,2.0206,2.0262,224317.9
1763884800,2.0263,2.0328,2.0263,2.0313,315912.7
1763885100,2.0313,2.0364,2.0313,2.0356,259415.2
1763885400,2.0355,2.0397,2.0347,2.0361,251516.5
1763885700,2.0361,2.0391,2.0332,2.0364,282588.7
1763886000,2.0365,2.0369,2.0315,2.0325,259371.5
1763886300,2.0325,2.0343,2.031,2.0323,142139.7
1763886600,2.0323,2.0357,2.0306,2.0355,191237.4
1763886900,2.0355,2.0355,2.0285,2.0294,195629.3
1763887200,2.0294,2.0301,2.0272,2.028,259258.4
1763887500,2.0281,2.0365,2.0279,2.033,256985.5
1763887800,2.033,2.0352,2.032,2.0342,138840.3
1763888100,2.0341,2.0389,2.0341,2.0378,368562.5
1763888400,2.0378,2.0392,2.036,2.0387,189429.3
1763888700,2.0388,2.0431,2.0374,2.0426,295124.6
1763889000,2.0427,2.0472,2.0416,2.0455,395161.8
1763889300,2.0454,2.049,2.0419,2.0451,349719.3
1763889600,2.045,2.0475,2.0387,2.0391,382715.1
1763889900,2.0391,2.0424,2.0385,2.0424,109021.5
1763890200,2.0424,2.0474,2.0424,2.0457,254884.5
1763890500,2.0457,2.05,2.0435,2.0463,386459.6
1763890800,2.0463,2.0523,2.0462,2.0517,523334.3
1763891100,2.0518,2.0522,2.0489,2.0502,283439.1
1763891400,2.0502,2.0503,2.048,2.0485,176116.6
1763891700,2.0485,2.0488,2.0458,2.0464,244661.7
1763892000,2.0464,2.0484,2.0417,2.0427,288925.6
1763892300,2.0427,2.0458,2.0412,2.0436,257343.6
1763892600,2.0436,2.0438,2.0404,2.0413,234953.9
1763892900,2.0413,2.0417,2.037,2.037,268374.9
1763893200,2.0371,2.0389,2.0343,2.0376,360310.0
1763893500,2.0377,2.0407,2.0345,2.0357,357738.6
1763893800,2.0356,2.0356,2.0319,2.0345,310006.9
1763894100,2.0345,2.0369,2.0323,2.0365,263013.1
1763894400,2.0365,2.0394,2.0358,2.0385,178464.8
1763894700,2.0385,2.0394,2.0372,2.0373,107912.9
1763895000,2.0373,2.0414,2.0351,2.0408,174670.8
1763895300,2.0408,2.0414,2.0337,2.0348,237220.0
1763895600,2.0349,2.0349,2.0292,2.0296,232367.2
1763895900,2.0295,2.0323,2.027,2.0317,264469.5
1763896200,2.0317,2.0318,2.0243,2.0278,345529.5
1763896500,2.0278,2.0291,2.0225,2.0259,233707.9
1763896800,2.0259,2.03,2.0248,2.0285,316051.2
1763897100,2.0284,2.0327,2.0276,2.0281,195039.9
1763897400,2.0281,2.0335,2.0277,2.0327,158914.7
1763897700,2.0327,2.0338,2.0294,2.031,144445.6
1763898000,2.0311,2.0324,2.0293,2.0321,83852.7
1763898300,2.0321,2.035,2.0319,2.0326,300376.2
1763898600,2.0325,2.0325,2.026,2.0292,299740.5
1763898900,2.0291,2.0313,2.0284,2.0312,105479.1
1763899200,2.0312,2.0382,2.0297,2.0355,329157.1
1763899500,2.0355,2.0391,2.0355,2.0364,425699.2
1763899800,2.0365,2.0442,2.0364,2.0431,428623.5
1763900100,2.0431,2.0485,2.0399,2.0461,910192.9
1763900400,2.0462,2.0499,2.0454,2.0478,524774.4
1763900700,2.0478,2.0489,2.0439,2.0453,317138.3
1763901000,2.0453,2.0473,2.0423,2.0459,501018.8
1763901300,2.0459,2.0496,2.042,2.0421,486426.9
1763901600,2.042,2.0424,2.0368,2.0412,323845.7
1763901900,2.0412,2.0432,2.038,2.0409,254329.8
1763902200,2.0409,2.0447,2.0396,2.0417,178390.0
1763902500,2.0417,2.0444,2.0409,2.0424,212524.1
1763902800,2.0425,2.0458,2.0413,2.0456,209765.8
1763903100,2.0456,2.0479,2.0424,2.0456,251117.3
1763903400,2.0455,2.0455,2.0349,2.0372,300489.9
1763903700,2.0373,2.0407,2.036,2.0385,264895.9
1763904000,2.0385,2.0387,2.0331,2.0338,202565.7
1763904300,2.0338,2.0365,2.033,2.0365,207919.6
1763904600,2.0364,2.0371,2.0333,2.0343,192863.9
1763904900,2.0343,2.0422,2.0338,2.041,307593.5
1763905200,2.041,2.0421,2.0394,2.0406,165990.4
1763905500,2.0407,2.0455,2.0387,2.0454,418210.7
1763905800,2.0454,2.0484,2.0448,2.0472,511014.7
1763906100,2.0472,2.0502,2.0472,2.0492,428352.7
1763906400,2.0491,2.063,2.0485,2.0608,1150806.3
1763906700,2.0607,2.0607,2.0474,2.0498,1141233.6
1763907000,2.0499,2.0519,2.0477,2.0482,433134.2
1763907300,2.0482,2.0522,2.0466,2.0473,324125.1
1763907600,2.0473,2.0549,2.0467,2.0541,273874.7
1763907900,2.0542,2.057,2.0539,2.0555,278839.1
1763908200,2.0554,2.0585,2.0515,2.0585,509435.4
1763908500,2.0584,2.061,2.0479,2.0488,1288698.9
1763908800,2.0488,2.0537,2.048,2.049,305147.0
1763909100,2.0489,2.0515,2.0414,2.0466,878189.4
1763909400,2.0466,2.0468,2.0388,2.0425,608055.7
1763909700,2.0424,2.0442,2.0375,2.0399,354883.1
1763910000,2.0399,2.0435,2.0361,2.0394,589857.5
1763910300,2.0393,2.0464,2.0374,2.0456,375515.1
1763910600,2.0456,2.0504,2.0456,2.0471,494209.6
1763910900,2.047,2.0508,2.0456,2.0505,205454.4
1763911200,2.0504,2.0571,2.0492,2.052,754459.3
1763911500,2.052,2.0538,2.0499,2.0538,306049.1
1763911800,2.0538,2.0575,2.0501,2.0571,380309.4
1763912100,2.0571,2.062,2.0553,2.0586,679296.5
1763912400,2.0586,2.0653,2.0586,2.0626,2641954.1
1763912700,2.0627,2.0639,2.0571,2.0587,525348.5
1763913000,2.0588,2.0615,2.0574,2.0613,330565.4
1763913300,2.0614,2.0663,2.061,2.0625,1245541.5
1763913600,2.0624,2.0708,2.0624,2.0687,749166.2
1763913900,2.0687,2.0738,2.065,2.0676,645310.4
1763914200,2.0676,2.0682,2.0633,2.067,434037.7
1763914500,2.067,2.0728,2.066,2.0678,419134.6
1763914800,2.0679,2.0683,2.0631,2.0646,232239.3
1763915100,2.0645,2.0691,2.0645,2.068,259321.5
1763915400,2.0681,2.0782,2.0655,2.0746,635896.4
1763915700,2.0747,2.0803,2.0747,2.0773,399534.6
1763916000,2.0774,2.0796,2.0736,2.0754,621140.5
1763916300,2.0754,2.0772,2.0724,2.0762,366285.7
1763916600,2.0762,2.0781,2.0714,2.0718,493630.3
1763916900,2.0718,2.0747,2.0517,2.0539,1017507.2
1763917200,2.054,2.056,2.0462,2.0542,800311.7
1763917500,2.0542,2.0572,2.0513,2.0518,326013.6
1763917800,2.0518,2.0536,2.0485,2.0488,300947.0
1763918100,2.0488,2.0509,2.042,2.0447,332576.6
1763918400,2.0446,2.0477,2.0416,2.0434,263066.7
1763918700,2.0434,2.054,2.0425,2.053,358656.1
1763919000,2.0529,2.053,2.0471,2.049,207008.6
1763919300,2.0489,2.0548,2.0485,2.05,150056.1
1763919600,2.0501,2.0554,2.0495,2.0541,437048.4
1763919900,2.0541,2.0541,2.0406,2.0425,466648.6
1763920200,2.0426,2.0453,2.0404,2.0437,238469.7
1763920500,2.0437,2.048,2.0432,2.0463,108637.3
1763920800,2.0462,2.0525,2.0454,2.0496,395249.0
1763921100,2.0496,2.0528,2.049,2.0523,134748.0
1763921400,2.0522,2.0533,2.0479,2.0533,300713.0
1763921700,2.0533,2.0625,2.0527,2.0614,551569.5
1763922000,2.0614,2.0659,2.0593,2.0625,360315.2
1763922300,2.0626,2.0646,2.0573,2.0637,356502.2
1763922600,2.0637,2.0694,2.0625,2.0691,448432.3
1763922900,2.0692,2.0713,2.068,2.0703,606942.1
1763923200,2.0704,2.0745,2.07,2.0703,539479.9
1763923500,2.0704,2.0718,2.0651,2.0655,521431.8
1763923800,2.0655,2.0659,2.0615,2.0624,276413.5
1763924100,2.0624,2.0628,2.0588,2.0622,337261.0
1763924400,2.0622,2.0662,2.0591,2.0646,360875.9
1763924700,2.0646,2.0658,2.0579,2.0611,170615.7
1763925000,2.0612,2.0667,2.0598,2.0655,242275.8
1763925300,2.0655,2.071,2.063,2.071,241595.6
1763925600,2.071,2.0745,2.068,2.0735,357631.5
1763925900,2.0734,2.0773,2.0711,2.0712,409815.6
1763926200,2.0711,2.0775,2.071,2.0758,185487.6
1763926500,2.0759,2.0784,2.0751,2.0779,165341.1
1763926800,2.0779,2.0789,2.0748,2.0751,194263.8
1763927100,2.0751,2.0791,2.0751,2.0774,263346.0
1763927400,2.0775,2.0784,2.0757,2.0775,405930.9
1763927700,2.0776,2.08,2.0725,2.0749,795979.5
1763928000,2.0749,2.0777,2.072,2.0777,376273.5
1763928300,2.0776,2.0781,2.07,2.072,431002.4
1763928600,2.072,2.0775,2.068,2.0769,431050.5
1763928900,2.077,2.0793,2.0746,2.0792,246640.1
1763929200,2.0793,2.0846,2.0744,2.0795,1215705.3
1763929500,2.0795,2.081,2.0702,2.0715,295072.4
1763929800,2.0715,2.0725,2.0661,2.0663,347723.9
1763930100,2.0663,2.074,2.0662,2.074,146579.8
1763930400,2.074,2.074,2.0675,2.0682,198248.0
1763930700,2.0682,2.0716,2.0682,2.0706,163774.6
1763931000,2.0706,2.0727,2.069,2.069,129900.5
1763931300,2.0691,2.0726,2.068,2.0686,194793.4
1763931600,2.0687,2.0687,2.0603,2.0642,369697.1
1763931900,2.0642,2.0678,2.0578,2.0581,213058.4
1763932200,2.058,2.0596,2.0549,2.0593,298146.5
1763932500,2.0593,2.0646,2.0582,2.0635,163095.2
1763932800,2.0636,2.0665,2.062,2.0648,240889.3
1763933100,2.0648,2.0734,2.0645,2.0723,191805.9
1763933400,2.0724,2.0737,2.068,2.0717,141864.0
1763933700,2.0718,2.0725,2.0676,2.0686,252613.2
1763934000,2.0686,2.0759,2.0686,2.0718,273257.7
1763934300,2.0718,2.0752,2.07,2.0751,174823.0
1763934600,2.0751,2.0781,2.0741,2.0766,230067.4
1763934900,2.0766,2.0819,2.0766,2.0791,326701.4
1763935200,2.0791,2.0831,2.0729,2.0735,521301.1
1763935500,2.0736,2.0746,2.0648,2.0651,260815.4
1763935800,2.0651,2.0682,2.0645,2.0673,339637.0
1763936100,2.0673,2.0697,2.0597,2.0643,490485.9
1763936400,2.0642,2.0742,2.064,2.0702,334043.4
1763936700,2.0701,2.0742,2.066,2.0731,510754.3
1763937000,2.073,2.073,2.0678,2.0682,209726.7
1763937300,2.0683,2.0738,2.0682,2.0715,509310.7
1763937600,2.0715,2.0754,2.0698,2.0733,253758.0
1763937900,2.0733,2.076,2.0721,2.076,105968.4
1763938200,2.076,2.0775,2.0731,2.0744,166300.4
1763938500,2.0745,2.0786,2.0724,2.0748,228534.8
1763938800,2.0748,2.0775,2.0586,2.0604,654145.8
1763939100,2.0605,2.0605,2.0553,2.0561,609599.4
1763939400,2.0561,2.0582,2.052,2.0522,413230.1
1763939700,2.0523,2.0558,2.0459,2.0555,1119880.9
1763940000,2.0555,2.0564,2.0467,2.0553,928614.2
1763940300,2.0553,2.0581,2.0539,2.0551,243658.7
1763940600,2.0551,2.056,2.048,2.0502,504775.5
1763940900,2.0502,2.052,2.0453,2.0468,362050.0
1763941200,2.0467,2.0507,2.0461,2.0491,312693.2
1763941500,2.0491,2.0499,2.0437,2.0465,405105.1
1763941800,2.0465,2.0506,2.0425,2.0447,602237.8
1763942100,2.0446,2.0505,2.0442,2.0491,438530.0
1763942400,2.0491,2.0491,2.041,2.041,469465.5
1763942700,2.0411,2.0413,2.0288,2.0316,1297415.7
1763943000,2.0317,2.0347,2.0303,2.0316,662342.6
1763943300,2.0316,2.0328,2.0267,2.0282,785968.6
1763943600,2.0283,2.0432,2.0238,2.0421,975395.6
1763943900,2.0421,2.0488,2.0399,2.0488,381779.4
1763944200,2.0488,2.0494,2.0432,2.0481,454687.9
1763944500,2.0482,2.0612,2.0482,2.0596,860500.1
1763944800,2.0598,2.0675,2.0528,2.0556,1420380.8
1763945100,2.0555,2.0555,2.0433,2.0542,573501.2
1763945400,2.0541,2.062,2.0537,2.0556,292069.8
1763945700,2.0557,2.056,2.0471,2.0475,232992.2
1763946000,2.0474,2.0475,2.0399,2.0446,339983.3
1763946300,2.0446,2.0482,2.0407,2.0479,359190.7
1763946600,2.048,2.0519,2.0423,2.0432,130162.2
1763946900,2.0432,2.0478,2.0363,2.0409,206373.6
1763947200,2.041,2.0459,2.0401,2.0435,181786.4
1763947500,2.0435,2.0493,2.0414,2.0465,156841.8
1763947800,2.0464,2.0467,2.0362,2.0386,344577.4
1763948100,2.0387,2.0401,2.0344,2.0367,204562.5
1763948400,2.0368,2.0419,2.0329,2.0351,1051852.7
1763948700,2.035,2.0429,2.031,2.0422,685547.5
1763949000,2.0422,2.0568,2.0417,2.0536,421411.2
1763949300,2.0535,2.0645,2.0535,2.0579,493377.1
1763949600,2.058,2.0803,2.0566,2.0757,1594198.5
1763949900,2.0758,2.0939,2.0758,2.0827,2013871.3
1763950200,2.0828,2.0905,2.0827,2.0893,433243.3
1763950500,2.0894,2.097,2.0831,2.0968,805688.3
1763950800,2.0969,2.1058,2.0934,2.1048,1036154.2
1763951100,2.1048,2.1077,2.0934,2.0934,686187.7
1763951400,2.0934,2.098,2.0832,2.0865,803939.0
1763951700,2.0864,2.1011,2.0854,2.0901,926040.0
1763952000,2.09,2.0963,2.0883,2.0896,479074.9
1763952300,2.0893,2.0917,2.0802,2.0824,542857.1
1763952600,2.0824,2.0941,2.0804,2.0928,226798.3
1763952900,2.0928,2.0945,2.0899,2.0918,219080.9
1763953200,2.0917,2.0944,2.0851,2.0882,522138.4
1763953500,2.0881,2.0886,2.0775,2.0775,216151.1
1763953800,2.0775,2.0805,2.077,2.0802,144971.3
1763954100,2.0803,2.0945,2.0766,2.0945,688063.4
1763954400,2.0946,2.0986,2.0884,2.0896,463028.0
1763954700,2.0895,2.0921,2.0878,2.0915,247852.8
1763955000,2.0915,2.0928,2.0864,2.0864,159877.4
1763955300,2.0864,2.0894,2.0823,2.0845,230802.6
1763955600,2.0845,2.0848,2.082,2.0834,203887.5
1763955900,2.0834,2.0871,2.0789,2.0811,186981.7
1763956200,2.0811,2.0823,2.077,2.0782,175568.5
1763956500,2.0783,2.0867,2.0781,2.0865,466596.5
1763956800,2.0865,2.0878,2.0831,2.0835,241512.6
1763957100,2.0836,2.0841,2.0785,2.0821,127368.6
1763957400,2.0822,2.0844,2.0764,2.0764,238821.5
1763957700,2.0763,2.0763,2.0551,2.0556,970635.4
1763958000,2.0556,2.0563,2.0474,2.0482,1121138.4
1763958300,2.0481,2.0525,2.0455,2.052,316927.5
1763958600,2.0521,2.0583,2.0509,2.0579,278290.9
1763958900,2.0578,2.0578,2.0498,2.0545,339379.1
1763959200,2.0546,2.0577,2.0526,2.0561,147794.2
1763959500,2.0561,2.0573,2.0513,2.0533,185847.8
1763959800,2.0533,2.0573,2.0519,2.057,125700.5
1763960100,2.057,2.0598,2.0561,2.0581,182508.1
1763960400,2.058,2.0644,2.056,2.0632,142620.6
1763960700,2.0632,2.0875,2.0632,2.0867,889653.9
1763961000,2.0866,2.0955,2.0843,2.0927,1503327.6
1763961300,2.0927,2.101,2.0864,2.0957,1397373.2
1763961600,2.0957,2.101,2.0936,2.0962,860785.5
1763961900,2.0962,2.1032,2.0959,2.099,783850.7
1763962200,2.099,2.0994,2.0918,2.0936,720335.6
1763962500,2.0936,2.0957,2.0895,2.09,199628.4
1763962800,2.09,2.0917,2.0872,2.0894,147350.8
1763963100,2.0895,2.0911,2.0849,2.0877,836562.2
1763963400,2.0877,2.0932,2.0867,2.0906,261060.5
1763963700,2.0906,2.0921,2.0868,2.0905,170030.4
1763964000,2.0906,2.0927,2.0809,2.0826,361067.1
1763964300,2.0826,2.083,2.0686,2.0711,682717.6
1763964600,2.0711,2.0728,2.0693,2.0699,230101.5
1763964900,2.0699,2.0768,2.0699,2.0729,484217.3
1763965200,2.0729,2.0733,2.068,2.0695,189537.0
1763965500,2.0695,2.072,2.0653,2.0719,181925.6
1763965800,2.0719,2.0719,2.0645,2.0676,175149.5
1763966100,2.0676,2.0747,2.0664,2.0722,252049.4
1763966400,2.0722,2.0742,2.0684,2.0695,339958.6
1763966700,2.0696,2.0719,2.0653,2.0698,250610.4
1763967000,2.0699,2.0733,2.0639,2.0732,284570.5
1763967300,2.0732,2.0734,2.069,2.0718,208898.6
1763967600,2.0718,2.0718,2.0609,2.063,212526.7
1763967900,2.063,2.066,2.0608,2.0642,215314.1
1763968200,2.0642,2.0672,2.0608,2.0629,157231.1
1763968500,2.0629,2.0673,2.059,2.0662,289240.3
1763968800,2.0662,2.0662,2.06,2.0624,182743.7
1763969100,2.0623,2.0629,2.0597,2.0616,135088.9
1763969400,2.0615,2.0649,2.0596,2.064,324587.5
1763969700,2.0641,2.0688,2.0634,2.0686,323876.9
1763970000,2.0685,2.0761,2.0662,2.0742,541908.2
1763970300,2.0742,2.0753,2.07,2.0731,240144.1
1763970600,2.0731,2.0743,2.0684,2.0689,203196.6
1763970900,2.0689,2.0692,2.0618,2.0635,224822.4
1763971200,2.0635,2.0637,2.057,2.0583,569531.8
1763971500,2.0583,2.0615,2.0546,2.0595,422860.3
1763971800,2.0596,2.0687,2.058,2.0667,616259.3
1763972100,2.0666,2.0706,2.0606,2.0611,381114.0
1763972400,2.061,2.0665,2.0607,2.0639,263277.5
1763972700,2.0638,2.0665,2.0611,2.0639,158021.0
1763973000,2.0639,2.0658,2.0608,2.0608,187237.2
1763973300,2.0608,2.0675,2.0608,2.0648,344774.4
1763973600,2.0648,2.0691,2.0637,2.0676,91911.4
1763973900,2.0676,2.068,2.062,2.0658,111859.0
1763974200,2.0657,2.0694,2.0639,2.0693,118711.1
1763974500,2.0694,2.0775,2.0694,2.0739,347904.4
1763974800,2.0739,2.0786,2.0689,2.0774,272221.4
1763975100,2.0773,2.0773,2.0633,2.0656,399421.0
1763975400,2.0656,2.0685,2.0645,2.0671,219049.9
1763975700,2.0671,2.0676,2.0532,2.0537,574987.3
1763976000,2.0536,2.0536,2.043,2.0461,897328.2
1763976300,2.0461,2.0462,2.0387,2.0429,779224.9
1763976600,2.0429,2.0487,2.0416,2.0416,339288.6
1763976900,2.0416,2.0586,2.0414,2.0536,1356452.1
1763977200,2.0535,2.0536,2.04,2.0427,2885372.3
1763977500,2.0428,2.0458,2.0398,2.0437,408574.5
1763977800,2.0436,2.0459,2.0414,2.0437,421917.8
1763978100,2.0437,2.0455,2.0424,2.0438,179315.1
1763978400,2.0438,2.0565,2.043,2.0564,646889.6
1763978700,2.0564,2.059,2.0508,2.056,539070.1
1763979000,2.0559,2.0559,2.0484,2.0499,167407.4
1763979300,2.05,2.0595,2.0496,2.0579,335426.2
1763979600,2.0578,2.0587,2.0551,2.0575,176706.0
1763979900,2.0575,2.0575,2.0533,2.0558,171348.7
1763980200,2.0558,2.0571,2.0497,2.052,248013.3
1763980500,2.052,2.0581,2.0509,2.0568,447159.7
1763980800,2.0567,2.0633,2.0561,2.0581,353937.1
1763981100,2.0582,2.0629,2.0575,2.0618,165135.7
1763981400,2.0619,2.0654,2.0573,2.0591,273134.8
1763981700,2.0591,2.0635,2.0578,2.0602,257069.7
1763982000,2.0603,2.0642,2.0602,2.0604,139366.7
1763982300,2.0603,2.0603,2.051,2.0539,230640.1
1763982600,2.0538,2.06,2.0538,2.0594,122333.4
1763982900,2.0594,2.0601,2.056,2.0601,122725.8
1763983200,2.06,2.06,2.0532,2.0553,209492.5
1763983500,2.0553,2.0553,2.0524,2.0539,84697.6
1763983800,2.054,2.0581,2.053,2.0549,119252.5
1763984100,2.0549,2.0635,2.0528,2.0573,228692.2
1763984400,2.0574,2.0621,2.055,2.0616,307846.8
1763984700,2.0616,2.0628,2.0589,2.06,152643.3
1763985000,2.0601,2.0624,2.0575,2.0575,113391.9
1763985300,2.0575,2.0603,2.0575,2.0587,114114.3
1763985600,2.0587,2.0587,2.0534,2.0547,329108.8
1763985900,2.0547,2.0585,2.0498,2.0526,366947.2
1763986200,2.0527,2.0527,2.0484,2.0499,247631.4
1763986500,2.05,2.054,2.0497,2.0523,116944.5
1763986800,2.0523,2.0575,2.0513,2.0553,227407.5
1763987100,2.0553,2.0623,2.055,2.0605,260072.4
1763987400,2.0606,2.0695,2.0603,2.0668,883432.4
1763987700,2.0668,2.0669,2.0583,2.0591,242973.3
1763988000,2.0591,2.0607,2.0565,2.0583,302636.3
1763988300,2.0584,2.0634,2.0571,2.0596,294069.5
1763988600,2.0596,2.0609,2.0557,2.0607,220446.4
1763988900,2.0608,2.0669,2.0608,2.0651,345857.4
1763989200,2.065,2.0676,2.0627,2.0676,279785.0
1763989500,2.0676,2.102,2.0676,2.0901,3495531.9
1763989800,2.0901,2.098,2.0888,2.0888,1800105.5
1763990100,2.0887,2.0922,2.0806,2.0857,978164.5
1763990400,2.0858,2.0933,2.085,2.0871,592283.1
1763990700,2.0871,2.0872,2.0801,2.0835,403414.9
1763991000,2.0835,2.088,2.0814,2.0872,246907.0
1763991300,2.0871,2.0937,2.0841,2.0922,417068.3
1763991600,2.0921,2.0995,2.0887,2.098,806375.2
1763991900,2.0981,2.0986,2.0867,2.0883,984349.2
1763992200,2.0883,2.09,2.085,2.0877,744118.2
1763992500,2.0876,2.0886,2.0812,2.0842,952832.1
1763992800,2.0842,2.085,2.0786,2.085,634294.5
1763993100,2.0851,2.0873,2.0792,2.0793,405278.4
1763993400,2.0793,2.0861,2.0793,2.0824,229227.4
1763993700,2.0824,2.0824,2.0758,2.0774,687597.7
1763994000,2.0774,2.08,2.0758,2.0777,246202.5
1763994300,2.0778,2.0785,2.068,2.0706,813705.7
1763994600,2.0706,2.1004,2.0701,2.0966,2923700.0
1763994900,2.0967,2.1027,2.0803,2.0804,1507510.9
1763995200,2.0804,2.0843,2.0601,2.0633,1461787.5
1763995500,2.0632,2.0698,2.0583,2.0591,1066337.6
1763995800,2.0591,2.0707,2.0498,2.0678,1136003.2
1763996100,2.0678,2.0749,2.0604,2.0749,1536144.7
1763996400,2.075,2.0821,2.0697,2.0761,1400942.0
1763996700,2.0761,2.0835,2.0717,2.0783,812445.1
1763997000,2.0782,2.0846,2.0711,2.0815,864676.7
1763997300,2.0814,2.0856,2.0749,2.0757,452652.2
1763997600,2.0758,2.0837,2.0722,2.0764,374603.3
1763997900,2.0765,2.0769,2.0678,2.0719,322139.1
1763998200,2.0719,2.089,2.0689,2.0879,622419.2
1763998500,2.088,2.0926,2.0824,2.0872,555794.2
1763998800,2.0873,2.0916,2.0856,2.0889,369749.1
1763999100,2.0889,2.0966,2.0889,2.0915,699089.7
1763999400,2.0915,2.0973,2.0875,2.0875,664528.3
1763999700,2.0874,2.094,2.0855,2.0908,867973.5
1764000000,2.0907,2.1066,2.0907,2.1023,1841730.8
1764000300,2.1023,2.1038,2.096,2.1017,814861.8
1764000600,2.1016,2.1016,2.0872,2.0938,1124451.9
1764000900,2.0939,2.1049,2.0939,2.1028,938867.3
1764001200,2.1028,2.1066,2.1008,2.1049,821967.1
1764001500,2.105,2.1109,2.1034,2.105,832750.4
1764001800,2.105,2.1131,2.1022,2.1104,769711.4
1764002100,2.1103,2.1111,2.1067,2.1093,562436.6
1764002400,2.1093,2.1171,2.1077,2.1154,709391.6
1764002700,2.1153,2.1213,2.1137,2.116,1311218.7
1764003000,2.116,2.1194,2.1125,2.1153,492624.0
1764003300,2.1152,2.1181,2.1131,2.1181,371522.7
1764003600,2.1182,2.1377,2.1182,2.1344,2786242.4
1764003900,2.1344,2.1376,2.1295,2.1303,925917.4
1764004200,2.1302,2.137,2.126,2.1369,653110.8
1764004500,2.1369,2.1567,2.1344,2.1523,2531717.3
1764004800,2.1522,2.1609,2.1419,2.1576,2212999.9
1764005100,2.1575,2.17,2.157,2.1678,2509582.2
1764005400,2.1679,2.1805,2.1614,2.1768,1896102.3
1764005700,2.1768,2.1935,2.1739,2.1905,2407851.6
1764006000,2.1905,2.1972,2.1837,2.192,2555067.3
1764006300,2.1919,2.1988,2.184,2.1986,1710679.0
1764006600,2.1985,2.1986,2.1855,2.1948,1749418.1
1764006900,2.1947,2.2105,2.1917,2.2063,2739354.4
1764007200,2.2063,2.2141,2.1854,2.1911,3784614.1
1764007500,2.1912,2.202,2.1902,2.1932,1541201.6
1764007800,2.1933,2.1984,2.1915,2.1964,897912.1
1764008100,2.1964,2.2099,2.1945,2.2062,1238999.7
1764008400,2.2063,2.2081,2.1975,2.2041,938487.1
1764008700,2.2042,2.2077,2.1993,2.2038,831445.5
1764009000,2.2039,2.2141,2.2019,2.209,1103394.4
1764009300,2.2089,2.2295,2.2064,2.2258,2659507.8
1764009600,2.2258,2.2266,2.2085,2.2103,1698816.4
1764009900,2.2102,2.2252,2.2098,2.2249,837034.6
1764010200,2.225,2.2251,2.2185,2.2197,852108.1
1764010500,2.2197,2.2233,2.206,2.2184,1555149.5
1764010800,2.2185,2.222,2.214,2.2186,1064374.4
1764011100,2.2186,2.2251,2.2155,2.2251,933216.1
1764011400,2.2251,2.2275,2.2214,2.2244,1051737.9
1764011700,2.2243,2.2263,2.2177,2.2229,1369880.0
1764012000,2.223,2.2235,2.2177,2.2197,524198.2
1764012300,2.2196,2.2231,2.2183,2.2204,519683.9
1764012600,2.2203,2.2265,2.2203,2.226,603637.0
1764012900,2.2261,2.2356,2.2247,2.2356,1237915.5
1764013200,2.2357,2.2389,2.2304,2.2347,944502.1
1764013500,2.2346,2.238,2.2248,2.2284,1092864.7
1764013800,2.2284,2.2382,2.2284,2.2316,693724.9
1764014100,2.2315,2.2378,2.2298,2.235,743216.3
1764014400,2.235,2.2399,2.2314,2.2359,1010690.2
1764014700,2.2359,2.2483,2.2331,2.2465,1816837.8
1764015000,2.2466,2.2678,2.2458,2.2589,3246831.9
1764015300,2.2589,2.2698,2.2557,2.2609,1136578.2
1764015600,2.2609,2.2693,2.256,2.2638,1180503.2
1764015900,2.2637,2.2819,2.2613,2.2764,1928451.1
1764016200,2.2765,2.2868,2.2603,2.2684,2381238.9
1764016500,2.2684,2.2708,2.2617,2.2676,1077075.5
1764016800,2.2677,2.2737,2.2668,2.269,939171.5
1764017100,2.2689,2.2758,2.2658,2.2658,1111720.6
1764017400,2.2659,2.2729,2.2605,2.2702,1763946.4
1764017700,2.2702,2.271,2.2428,2.2443,2716418.7
1764018000,2.2442,2.2479,2.2331,2.243,2701713.4
1764018300,2.2429,2.2456,2.2354,2.2389,1152599.7
1764018600,2.2388,2.2467,2.2325,2.2446,1098519.6
1764018900,2.2446,2.2471,2.2368,2.2382,524304.0
1764019200,2.2381,2.253,2.2359,2.2509,605510.4
1764019500,2.2508,2.258,2.2461,2.2487,736047.1
1764019800,2.2487,2.2504,2.24,2.2448,1181292.8
1764020100,2.2448,2.2448,2.2341,2.2355,901932.1
1764020400,2.2356,2.2419,2.2356,2.2369,628557.3
1764020700,2.2369,2.246,2.235,2.2442,646894.6
1764021000,2.2443,2.2463,2.2388,2.239,466524.7
1764021300,2.239,2.2449,2.239,2.2416,737523.5
1764021600,2.2415,2.2526,2.2411,2.2526,555971.7
1764021900,2.2526,2.2572,2.2512,2.2559,928435.1
1764022200,2.2559,2.2584,2.2495,2.2552,835460.8
1764022500,2.2551,2.2565,2.2485,2.251,865832.5
1764022800,2.2509,2.2526,2.2458,2.2467,621590.0
1764023100,2.2468,2.2517,2.2468,2.2517,360197.5
1764023400,2.2518,2.2577,2.2452,2.252,704821.1
1764023700,2.2519,2.2529,2.2429,2.2434,281469.2
1764024000,2.2434,2.2435,2.2354,2.2379,660464.7
1764024300,2.238,2.2404,2.234,2.2352,192978.4
1764024600,2.2352,2.2412,2.2352,2.2384,232941.4
1764024900,2.2384,2.2417,2.2382,2.2406,279850.2
1764025200,2.2405,2.2482,2.2403,2.2446,522197.9
1764025500,2.2446,2.2456,2.2398,2.2432,441632.6
1764025800,2.2432,2.2432,2.2367,2.2398,669933.1
1764026100,2.2397,2.241,2.2338,2.2378,498871.1
1764026400,2.2378,2.2409,2.2362,2.2381,398224.6
1764026700,2.2382,2.2389,2.235,2.2356,338033.9
1764027000,2.2355,2.236,2.2268,2.23,1367258.1
1764027300,2.23,2.2323,2.2288,2.2288,530051.1
1764027600,2.2288,2.2308,2.2262,2.2307,808278.7
1764027900,2.2307,2.2308,2.2254,2.2269,566032.6
1764028200,2.2269,2.2275,2.2213,2.222,893444.7
1764028500,2.222,2.2293,2.222,2.2276,673886.5
1764028800,2.2276,2.24,2.2257,2.2396,1291105.5
1764029100,2.2396,2.2462,2.2381,2.2448,907231.0
1764029400,2.2448,2.2487,2.2379,2.2394,655959.4
1764029700,2.2394,2.2425,2.2341,2.2408,999453.8
1764030000,2.2408,2.2466,2.2385,2.2394,933476.1
1764030300,2.2394,2.2394,2.2348,2.237,463954.5
1764030600,2.2371,2.2432,2.2317,2.2422,440604.4
1764030900,2.2421,2.2489,2.242,2.2488,486071.7
1764031200,2.2488,2.2538,2.2473,2.2498,886512.7
1764031500,2.2499,2.2529,2.2471,2.2509,537259.5
1764031800,2.2509,2.2607,2.2492,2.2605,372144.5
1764032100,2.2605,2.2652,2.257,2.2601,821346.7
1764032400,2.2601,2.2609,2.253,2.2531,652080.8
1764032700,2.2531,2.2551,2.2476,2.2518,433753.5
1764033000,2.2518,2.259,2.2516,2.2566,244000.3
1764033300,2.2567,2.2586,2.2465,2.2507,644379.5
1764033600,2.2507,2.256,2.2471,2.2527,529576.0
1764033900,2.2527,2.2555,2.2459,2.2475,273945.4
1764034200,2.2474,2.2559,2.2455,2.2527,516600.1
1764034500,2.2528,2.2629,2.2528,2.2564,880163.2
1764034800,2.2565,2.2609,2.2564,2.2573,311180.7
1764035100,2.2573,2.2597,2.2518,2.252,386974.0
1764035400,2.252,2.2553,2.2506,2.253,233927.0
1764035700,2.2529,2.2541,2.2461,2.2484,292573.8
1764036000,2.2485,2.255,2.2428,2.253,716352.0
1764036300,2.2531,2.255,2.2456,2.2473,295639.4
1764036600,2.2473,2.2503,2.2434,2.2462,383422.6
1764036900,2.2462,2.2504,2.2453,2.2486,229804.7
1764037200,2.2486,2.2497,2.2401,2.2406,296447.2
1764037500,2.2406,2.243,2.2374,2.2398,455514.0
1764037800,2.2398,2.241,2.235,2.235,691926.0
1764038100,2.235,2.2358,2.2326,2.2355,538169.4
1764038400,2.2355,2.2457,2.2351,2.2425,391570.8
1764038700,2.2426,2.2473,2.2414,2.2469,242181.9
1764039000,2.2469,2.2514,2.2463,2.2508,365587.3
1764039300,2.2509,2.2529,2.2497,2.2515,262069.2
1764039600,2.2515,2.2515,2.2484,2.2503,301396.0
1764039900,2.2504,2.26,2.2482,2.2567,624502.1
1764040200,2.2566,2.2569,2.2481,2.2487,423220.8
1764040500,2.2487,2.2529,2.2453,2.2498,272872.9
1764040800,2.2497,2.2539,2.2457,2.2539,413541.7
1764041100,2.254,2.2553,2.2513,2.2535,244324.5
1764041400,2.2535,2.2535,2.2464,2.2466,283201.1
1764041700,2.2465,2.2494,2.2437,2.2439,322717.1
1764042000,2.2439,2.2439,2.2382,2.2412,486272.2
1764042300,2.2413,2.2426,2.2393,2.2406,189857.0
1764042600,2.2406,2.2426,2.2359,2.2417,474153.5
1764042900,2.2417,2.2448,2.2414,2.2435,317636.3
1764043200,2.2434,2.2441,2.2381,2.2409,411113.4
1764043500,2.2409,2.2437,2.2399,2.2436,352585.9
1764043800,2.2436,2.25,2.2416,2.249,239505.5
1764044100,2.2489,2.249,2.2439,2.247,331894.2
1764044400,2.247,2.2486,2.235,2.2355,380605.5
1764044700,2.2356,2.2387,2.2348,2.2378,363976.5
1764045000,2.2378,2.2434,2.2369,2.2419,463512.4
1764045300,2.242,2.2444,2.239,2.2411,417710.1
1764045600,2.2411,2.2412,2.238,2.2383,124953.0
1764045900,2.2382,2.2411,2.2377,2.2397,284622.7
1764046200,2.2396,2.2508,2.2396,2.2494,563088.4
1764046500,2.2494,2.25,2.2455,2.2474,373527.6
1764046800,2.2474,2.2509,2.2467,2.2467,278212.3
1764047100,2.2467,2.2467,2.2402,2.2418,245595.5
1764047400,2.2417,2.2444,2.2413,2.2438,176648.8
1764047700,2.2437,2.2493,2.2419,2.2479,178710.9
1764048000,2.2479,2.2498,2.2466,2.2478,276793.0
1764048300,2.2477,2.2477,2.2404,2.2421,309007.6
1764048600,2.2422,2.2539,2.2413,2.2505,339369.7
1764048900,2.2504,2.2552,2.2492,2.254,356479.6
1764049200,2.2541,2.2552,2.2507,2.253,710927.3
1764049500,2.2531,2.2545,2.2501,2.2525,235920.8
1764049800,2.2526,2.2587,2.2526,2.257,518223.2
1764050100,2.2569,2.2576,2.2515,2.2515,200205.4
1764050400,2.2515,2.2533,2.2491,2.2514,195245.9
1764050700,2.2514,2.2535,2.2471,2.2524,228838.6
1764051000,2.2523,2.253,2.2483,2.2489,134405.0
1764051300,2.2489,2.2516,2.2453,2.2456,228872.0
1764051600,2.2457,2.2468,2.2432,2.2443,268323.1
1764051900,2.2442,2.2449,2.2404,2.2405,236466.6
1764052200,2.2404,2.2405,2.2354,2.239,820364.3
1764052500,2.239,2.2453,2.238,2.2393,260793.6
1764052800,2.2393,2.2419,2.2358,2.2359,396983.3
1764053100,2.236,2.2383,2.2345,2.2351,195886.1
1764053400,2.2351,2.2384,2.2328,2.2378,255496.3
1764053700,2.2379,2.239,2.2367,2.2377,205927.9
1764054000,2.2376,2.2382,2.2343,2.2344,172319.7
1764054300,2.2344,2.2417,2.2305,2.2409,451516.6
1764054600,2.2408,2.2432,2.2391,2.2402,133081.3
1764054900,2.2402,2.2418,2.232,2.2327,198163.7
1764055200,2.2327,2.2388,2.2321,2.2352,169381.8
1764055500,2.2353,2.2353,2.2279,2.2318,513643.8
1764055800,2.2318,2.2384,2.2311,2.234,228607.6
1764056100,2.234,2.236,2.2315,2.2343,196438.8
1764056400,2.2342,2.2384,2.2337,2.2366,182129.1
1764056700,2.2365,2.2372,2.2246,2.2249,401153.2
1764057000,2.2248,2.229,2.2216,2.224,703466.9
1764057300,2.224,2.2244,2.216,2.2164,1039222.5
1764057600,2.2165,2.2209,2.2082,2.2115,1197687.9
1764057900,2.2115,2.2185,2.2114,2.2177,626235.3
1764058200,2.2177,2.2185,2.2064,2.2077,877880.7
1764058500,2.2078,2.2128,2.2061,2.2114,1731556.2
1764058800,2.2115,2.2179,2.2115,2.2143,285530.2
1764059100,2.2144,2.2159,2.2108,2.2139,431155.4
1764059400,2.2139,2.2142,2.204,2.2075,564232.7
1764059700,2.2076,2.2076,2.199,2.1996,1670400.5
1764060000,2.1995,2.2016,2.1981,2.2011,1152494.9
1764060300,2.2011,2.2028,2.1946,2.1967,1310397.2
1764060600,2.1966,2.1998,2.1923,2.1929,1596628.7
1764060900,2.1928,2.1934,2.187,2.1898,2219991.1
1764061200,2.1898,2.1943,2.1865,2.19,1327436.9
1764061500,2.19,2.1949,2.1894,2.1944,754081.7
1764061800,2.1945,2.1953,2.1896,2.1908,394605.5
1764062100,2.1908,2.1934,2.1872,2.1928,575602.0
1764062400,2.1929,2.1942,2.1877,2.1881,403532.3
1764062700,2.1881,2.1889,2.1855,2.1867,475951.3
1764063000,2.1868,2.191,2.1855,2.19,926015.5
1764063300,2.19,2.1994,2.1876,2.1986,570574.2
1764063600,2.1986,2.2071,2.1958,2.2056,814920.2
1764063900,2.2055,2.2055,2.1992,2.202,442169.8
1764064200,2.2019,2.2019,2.1955,2.1963,334700.4
1764064500,2.1963,2.202,2.1936,2.1997,966165.8
1764064800,2.1996,2.1996,2.1916,2.194,314856.1
1764065100,2.1939,2.1985,2.1939,2.1966,476067.5
1764065400,2.1966,2.2012,2.1959,2.1962,195828.3
1764065700,2.1962,2.1971,2.1902,2.1923,170922.9
1764066000,2.1922,2.2016,2.1901,2.2,380400.0
1764066300,2.2,2.2008,2.1971,2.1993,1674959.0
1764066600,2.1994,2.2063,2.1972,2.2053,647448.0
1764066900,2.2054,2.2054,2.1991,2.2008,301617.6
1764067200,2.2007,2.2041,2.1994,2.2032,232298.1
1764067500,2.2032,2.2056,2.2004,2.2033,475279.0
1764067800,2.2034,2.2065,2.2022,2.2064,322033.8
1764068100,2.2064,2.2102,2.2064,2.2087,720110.3
1764068400,2.2086,2.2103,2.1986,2.2001,841000.2
1764068700,2.2002,2.2053,2.2001,2.2044,211690.8
1764069000,2.2043,2.2063,2.2023,2.204,195342.4
1764069300,2.2039,2.2056,2.2014,2.2014,232594.1
1764069600,2.2013,2.2013,2.1966,2.198,301514.0
1764069900,2.198,2.2003,2.198,2.1993,84676.9
1764070200,2.1992,2.2012,2.1967,2.1988,229012.7
1764070500,2.1987,2.2038,2.1964,2.2023,309358.5
1764070800,2.2022,2.203,2.1997,2.2005,337388.0
1764071100,2.2005,2.201,2.1981,2.1991,174140.7
1764071400,2.199,2.201,2.1977,2.1982,341689.8
1764071700,2.1981,2.1981,2.1931,2.196,425719.6
1764072000,2.1961,2.2017,2.1948,2.2009,200625.8
1764072300,2.2008,2.202,2.1953,2.1984,169305.4
1764072600,2.1985,2.2158,2.1967,2.2144,1165684.1
1764072900,2.2144,2.2144,2.2031,2.2072,622073.4
1764073200,2.2073,2.2158,2.2041,2.2134,632779.0
1764073500,2.2133,2.2133,2.2077,2.21,317776.6
1764073800,2.2099,2.2102,2.2044,2.2059,297144.7
1764074100,2.2059,2.2073,2.2019,2.2071,497530.3
1764074400,2.2071,2.2146,2.2042,2.2109,567243.6
1764074700,2.2108,2.2146,2.2086,2.2128,511655.1
1764075000,2.2127,2.2153,2.2088,2.2153,441419.5
1764075300,2.2153,2.2197,2.2149,2.2189,638888.5
1764075600,2.2188,2.2231,2.2154,2.2198,495273.7
1764075900,2.2197,2.22,2.2151,2.2177,394147.2
1764076200,2.2177,2.2255,2.2166,2.2251,494951.3
1764076500,2.2252,2.2306,2.2238,2.2287,925525.8
1764076800,2.2288,2.2307,2.2235,2.2307,703311.7
1764077100,2.2307,2.2307,2.2245,2.2248,520389.5
1764077400,2.2249,2.2357,2.2249,2.2305,961154.2
1764077700,2.2304,2.2304,2.2095,2.2103,1086018.7
1764078000,2.2102,2.2129,2.2066,2.211,790630.2
1764078300,2.211,2.2184,2.2104,2.2167,505050.2
1764078600,2.2166,2.2184,2.2076,2.2097,512281.1
1764078900,2.2098,2.2138,2.2089,2.2135,510675.6
1764079200,2.2135,2.215,2.2097,2.2134,472173.5
1764079500,2.2134,2.2176,2.2028,2.2036,640308.5
1764079800,2.2035,2.2048,2.2,2.2031,369256.3
1764080100,2.203,2.2075,2.2013,2.205,408854.1
1764080400,2.2051,2.2141,2.203,2.2111,225029.9
1764080700,2.2111,2.2138,2.2091,2.2122,330675.2
1764081000,2.2121,2.2159,2.2047,2.2136,987275.4
1764081300,2.2136,2.2172,2.2094,2.2108,515520.5
1764081600,2.2107,2.2107,2.1892,2.1908,1509114.4
1764081900,2.1907,2.1907,2.1716,2.1726,3735731.5
1764082200,2.1725,2.1816,2.17,2.1755,1894226.2
1764082500,2.1756,2.1814,2.1745,2.1787,1199811.5
1764082800,2.1788,2.181,2.1615,2.1638,2900268.7
1764083100,2.1638,2.1763,2.1616,2.1763,1061602.2
1764083400,2.1764,2.1842,2.1689,2.1696,976593.8
1764083700,2.1697,2.1727,2.1648,2.166,458053.3
1764084000,2.1659,2.1683,2.1589,2.1659,816305.7
1764084300,2.1659,2.1767,2.1656,2.1762,476276.1
1764084600,2.1762,2.1914,2.1762,2.1876,1103984.6
1764084900,2.1876,2.1882,2.1815,2.1876,711697.6
1764085200,2.1877,2.1926,2.1861,2.1926,798779.8
1764085500,2.1926,2.1969,2.1875,2.1882,1056193.5
1764085800,2.1882,2.1937,2.1844,2.1922,601268.2
1764086100,2.1921,2.1921,2.184,2.1884,492025.6
1764086400,2.1883,2.1923,2.1853,2.1916,399735.5
1764086700,2.1916,2.1916,2.1778,2.1793,408961.2
1764087000,2.1793,2.1854,2.1788,2.1813,479081.8
1764087300,2.1813,2.1922,2.1793,2.1903,380623.7
1764087600,2.1902,2.2067,2.1899,2.2018,932109.3
1764087900,2.2018,2.2067,2.1989,2.2067,601558.6
1764088200,2.2067,2.2099,2.2005,2.2024,558687.8
1764088500,2.2023,2.2039,2.1978,2.1996,463645.0
1764088800,2.1997,2.2047,2.1997,2.2011,458417.0
1764089100,2.2011,2.2011,2.1932,2.195,437493.8
1764089400,2.1951,2.1992,2.1927,2.1975,482327.0
1764089700,2.1974,2.1974,2.1923,2.1932,607421.4
1764090000,2.1931,2.1971,2.1836,2.1837,665079.5
1764090300,2.1838,2.1881,2.1805,2.1838,643136.2
1764090600,2.1838,2.1995,2.1833,2.1978,516869.7
1764090900,2.1978,2.1979,2.1862,2.1882,540451.5
1764091200,2.1883,2.1961,2.1883,2.1926,315593.6
1764091500,2.1927,2.1971,2.1889,2.1898,305973.0
1764091800,2.1897,2.205,2.1868,2.2031,420425.1
1764092100,2.2032,2.208,2.2002,2.2036,678792.4
1764092400,2.2037,2.2084,2.2022,2.2028,569202.7
1764092700,2.2028,2.204,2.1988,2.2017,508800.6
1764093000,2.2016,2.2043,2.196,2.196,410597.8
1764093300,2.1961,2.1963,2.1889,2.1898,432743.4
1764093600,2.1898,2.1925,2.1868,2.1915,374117.0
1764093900,2.1916,2.1981,2.1916,2.1978,287312.9
1764094200,2.1978,2.1999,2.195,2.1975,417967.6
1764094500,2.1975,2.204,2.1959,2.2039,433596.7
1764094800,2.2038,2.204,2.198,2.198,362511.6
1764095100,2.1979,2.1979,2.1925,2.1959,271852.4
1764095400,2.1959,2.2019,2.1957,2.1982,186624.6
1764095700,2.1982,2.1993,2.1919,2.1928,229647.2
1764096000,2.1928,2.1941,2.1905,2.1921,308224.0
1764096300,2.1921,2.1942,2.1911,2.192,217345.5
1764096600,2.1919,2.1922,2.1868,2.187,273952.4
1764096900,2.187,2.1871,2.18,2.1829,372098.5
1764097200,2.183,2.1863,2.1731,2.1731,527913.9
1764097500,2.1732,2.1793,2.1639,2.1663,877210.2
1764097800,2.1662,2.17,2.1659,2.169,388991.4
1764098100,2.1689,2.1695,2.1558,2.1561,990092.3
1764098400,2.1561,2.1579,2.1512,2.1546,1143587.6
1764098700,2.1546,2.1549,2.1483,2.1512,806294.3
1764099000,2.1511,2.1584,2.1482,2.1546,783180.1
1764099300,2.1545,2.1563,2.1498,2.1547,438411.9
1764099600,2.1547,2.1664,2.1538,2.1647,859724.5
1764099900,2.1647,2.1653,2.1606,2.165,299125.4
1764100200,2.1651,2.1731,2.1651,2.1713,326790.6
1764100500,2.1713,2.1738,2.1693,2.1722,156735.9
1764100800,2.1723,2.175,2.1701,2.1724,225675.8
1764101100,2.1724,2.1772,2.1655,2.1732,963255.1
1764101400,2.1732,2.1768,2.1688,2.1741,289049.0
1764101700,2.1742,2.1789,2.1737,2.1789,234481.4
1764102000,2.1789,2.1819,2.1766,2.177,302517.2
1764102300,2.1771,2.1879,2.1771,2.1863,229501.9
1764102600,2.1863,2.197,2.1863,2.1884,508792.9
1764102900,2.1885,2.1923,2.1885,2.1913,630030.2
1764103200,2.1914,2.1969,2.1899,2.1961,552220.5
1764103500,2.1962,2.2099,2.1934,2.2083,2386216.4
1764103800,2.2083,2.215,2.2032,2.2048,2209943.2
1764104100,2.2049,2.2068,2.1957,2.1967,1022861.1
1764104400,2.1968,2.2019,2.1947,2.2018,629143.7
1764104700,2.2019,2.2071,2.1988,2.2016,1326192.9
1764105000,2.2017,2.2023,2.199,2.2011,201286.7
1764105300,2.2012,2.2096,2.2012,2.2024,244150.6
1764105600,2.2025,2.203,2.1986,2.2016,476038.5
1764105900,2.2015,2.2033,2.1973,2.1977,90687.7
1764106200,2.1976,2.1986,2.1883,2.1889,468690.1
1764106500,2.1888,2.1928,2.1887,2.1907,280702.9
1764106800,2.1906,2.1983,2.1906,2.193,311188.4
1764107100,2.193,2.1945,2.1892,2.1934,124700.5
1764107400,2.1934,2.196,2.1923,2.1931,72033.6
1764107700,2.1932,2.1941,2.186,2.1867,261311.0
1764108000,2.1867,2.1867,2.1751,2.178,565219.2
1764108300,2.1779,2.1839,2.1757,2.1823,291017.8
1764108600,2.1823,2.1823,2.1699,2.1736,318817.1
1764108900,2.1735,2.1846,2.1721,2.1846,141429.4
1764109200,2.1845,2.1901,2.1828,2.1901,277149.9
1764109500,2.1902,2.1949,2.1877,2.1929,315927.6
1764109800,2.1929,2.1964,2.19,2.1954,215354.4
1764110100,2.1955,2.204,2.1955,2.2037,440667.9
1764110400,2.2037,2.2068,2.19,2.1974,1553699.5
1764110700,2.1974,2.1993,2.1936,2.1959,158518.2
1764111000,2.1959,2.2014,2.1955,2.197,178077.7
1764111300,2.197,2.2105,2.197,2.2087,685959.8
1764111600,2.2087,2.2101,2.2004,2.2011,463001.2
1764111900,2.201,2.2123,2.201,2.2123,331010.3
1764112200,2.2123,2.2175,2.2089,2.2163,766420.6
1764112500,2.2163,2.2165,2.2106,2.2121,525348.6
1764112800,2.2121,2.2134,2.2046,2.2056,309344.0
1764113100,2.2055,2.2088,2.2044,2.2045,171914.3
1764113400,2.2046,2.2064,2.2023,2.2058,197179.8
1764113700,2.2058,2.2075,2.2015,2.2045,246341.4
1764114000,2.2046,2.2068,2.2034,2.2052,174551.6
1764114300,2.2052,2.2061,2.2012,2.2012,162769.0
1764114600,2.2012,2.2019,2.1984,2.1995,209993.5
1764114900,2.1995,2.2026,2.1976,2.2024,310484.3
1764115200,2.2023,2.205,2.1993,2.205,349897.7
1764115500,2.2051,2.2068,2.2026,2.2036,200764.7
1764115800,2.2036,2.2069,2.2031,2.2031,151409.6
1764116100,2.2031,2.205,2.1984,2.205,217657.2
1764116400,2.2051,2.2092,2.2035,2.2043,411215.7
1764116700,2.2044,2.205,2.1973,2.1999,166581.7
1764117000,2.1998,2.2008,2.1951,2.1974,195387.3
1764117300,2.1975,2.2029,2.1944,2.195,271900.0
1764117600,2.195,2.1968,2.1926,2.1963,355786.5
1764117900,2.1962,2.2017,2.1958,2.2016,176716.7
1764118200,2.2016,2.2022,2.1951,2.1962,325852.7
1764118500,2.1962,2.1965,2.1917,2.1944,278028.6
1764118800,2.1943,2.1947,2.1895,2.1895,169828.8
1764119100,2.1895,2.1952,2.188,2.1945,145730.4
1764119400,2.1945,2.1949,2.1905,2.1933,169659.2
1764119700,2.1933,2.1959,2.1911,2.1928,275171.6
1764120000,2.1928,2.1949,2.1904,2.1925,167468.4
1764120300,2.1925,2.2029,2.191,2.2006,190695.5
1764120600,2.2007,2.207,2.1988,2.2038,371943.1
1764120900,2.2039,2.2069,2.202,2.2069,237788.2
1764121200,2.2069,2.2139,2.2051,2.2088,423211.0
1764121500,2.2088,2.21,2.2027,2.2052,404613.6
1764121800,2.2052,2.2056,2.203,2.2049,159631.9
1764122100,2.2048,2.2048,2.2008,2.2034,154110.7
1764122400,2.2035,2.2068,2.2033,2.2033,179886.7
1764122700,2.2033,2.2076,2.2016,2.2024,234647.1
1764123000,2.2023,2.2065,2.202,2.2053,217878.8
1764123300,2.2053,2.2087,2.2,2.2033,148615.6
1764123600,2.2033,2.2034,2.1972,2.1985,136370.8
1764123900,2.1985,2.1985,2.1933,2.1942,176511.6
1764124200,2.1942,2.1949,2.1908,2.193,400795.5
1764124500,2.193,2.1972,2.1923,2.1962,288153.2
1764124800,2.1961,2.1976,2.1939,2.1973,91247.2
1764125100,2.1972,2.1972,2.1916,2.1925,222861.6
1764125400,2.1924,2.1956,2.1923,2.1952,123360.3
1764125700,2.1952,2.1959,2.1911,2.1914,107841.7
1764126000,2.1914,2.1935,2.1898,2.1905,243897.8
1764126300,2.1905,2.1915,2.1873,2.1877,175639.2
1764126600,2.1877,2.1903,2.1874,2.1895,225106.4
1764126900,2.1896,2.1917,2.1885,2.191,204461.5
1764127200,2.1909,2.1952,2.19,2.1938,391740.5
1764127500,2.1938,2.1948,2.1929,2.1936,114646.7
1764127800,2.1936,2.1936,2.1805,2.1821,490898.7
1764128100,2.1822,2.183,2.1801,2.1816,354069.0
1764128400,2.1816,2.1818,2.177,2.1807,422842.8
1764128700,2.1807,2.1808,2.177,2.1784,344279.9
1764129000,2.1784,2.1789,2.1735,2.1744,486431.8
1764129300,2.1745,2.178,2.1745,2.1768,138451.7
1764129600,2.1768,2.1798,2.1764,2.178,207860.0
1764129900,2.178,2.178,2.1735,2.1753,302109.0
1764130200,2.1754,2.1756,2.1729,2.1733,620407.7
1764130500,2.1733,2.1747,2.1711,2.1743,530131.4
1764130800,2.1742,2.1768,2.1739,2.1755,136697.7
1764131100,2.1754,2.1776,2.1729,2.176,166692.1
1764131400,2.1761,2.1788,2.1728,2.1741,227832.1
1764131700,2.1742,2.1775,2.1739,2.1772,107831.9
1764132000,2.1771,2.1784,2.1733,2.1748,150254.8
1764132300,2.1747,2.1754,2.1732,2.1733,187954.0
1764132600,2.1733,2.1773,2.1733,2.1767,166615.9
1764132900,2.1767,2.1777,2.1753,2.1767,55327.5
1764133200,2.1767,2.1824,2.1761,2.1815,271004.2
1764133500,2.1815,2.1886,2.1813,2.1871,246660.7
1764133800,2.1871,2.1897,2.1864,2.1878,164975.8
1764134100,2.1877,2.1904,2.1871,2.1879,255745.4
1764134400,2.1879,2.1929,2.1855,2.1857,227918.4
1764134700,2.1857,2.1894,2.1853,2.1894,84242.2
1764135000,2.1893,2.1948,2.1881,2.1939,235260.6
1764135300,2.1938,2.1997,2.193,2.1985,343305.5
1764135600,2.1986,2.1998,2.1945,2.1946,115638.0
1764135900,2.1945,2.1947,2.1915,2.1945,211018.1
1764136200,2.1945,2.1961,2.1923,2.196,155095.4
1764136500,2.1961,2.1975,2.1915,2.1927,95932.6
1764136800,2.1927,2.1946,2.1899,2.1937,136522.5
1764137100,2.1937,2.1991,2.1937,2.1981,138354.1
1764137400,2.1982,2.1982,2.192,2.1948,101866.8
1764137700,2.1947,2.195,2.1862,2.1884,161851.7
1764138000,2.1883,2.1894,2.1853,2.1884,180372.8
1764138300,2.1885,2.1893,2.1876,2.1884,57816.1
1764138600,2.1883,2.1895,2.1862,2.1883,111223.5
1764138900,2.1883,2.1924,2.1883,2.192,102264.8
1764139200,2.1919,2.1928,2.191,2.1926,178875.9
1764139500,2.1926,2.1932,2.1912,2.1923,112968.5
1764139800,2.1922,2.2015,2.1918,2.2014,205281.5
1764140100,2.2014,2.2043,2.1992,2.1993,279678.2
1764140400,2.1993,2.2014,2.1972,2.1977,300000.7
1764140700,2.1976,2.1989,2.1954,2.198,178929.6
1764141000,2.1981,2.2008,2.1972,2.2007,132260.8
1764141300,2.2006,2.2023,2.199,2.1999,190946.8
1764141600,2.1998,2.2024,2.1987,2.2021,142016.6
1764141900,2.202,2.203,2.2002,2.2024,159463.1
1764142200,2.2025,2.2025,2.2001,2.2023,184687.7
1764142500,2.2023,2.2023,2.1982,2.1982,335533.0
1764142800,2.1981,2.1985,2.1961,2.1982,271812.4
1764143100,2.1982,2.2046,2.1968,2.2046,154916.8
1764143400,2.2046,2.2054,2.2012,2.2013,186649.3
1764143700,2.2012,2.2066,2.2005,2.2054,260201.5
1764144000,2.2055,2.207,2.2016,2.2035,239734.2
1764144300,2.2036,2.2046,2.2009,2.2012,83945.4
1764144600,2.2012,2.2029,2.1986,2.1993,101534.6
1764144900,2.1994,2.2017,2.195,2.1957,172688.2
1764145200,2.1957,2.1963,2.1938,2.1948,203219.7
1764145500,2.1948,2.1956,2.1917,2.192,187239.1
1764145800,2.1921,2.1947,2.1915,2.1924,223608.6
1764146100,2.1924,2.194,2.1894,2.194,261318.8
1764146400,2.1941,2.1982,2.1941,2.1964,158180.7
1764146700,2.1964,2.1975,2.193,2.1959,272016.7
1764147000,2.1959,2.1959,2.1906,2.1921,113409.9
1764147300,2.192,2.192,2.1886,2.189,196056.1
1764147600,2.189,2.1909,2.1868,2.1893,204913.5
1764147900,2.1894,2.1899,2.1843,2.1861,397932.9
1764148200,2.186,2.1896,2.1856,2.1868,185566.1
1764148500,2.1867,2.1869,2.1818,2.1861,299948.2
1764148800,2.1861,2.1863,2.1805,2.184,212533.9
1764149100,2.184,2.184,2.1797,2.1802,320992.7
1764149400,2.1802,2.1821,2.176,2.1767,634424.3
1764149700,2.1766,2.1787,2.1752,2.1775,361643.2
1764150000,2.1774,2.1799,2.1765,2.1778,175826.5
1764150300,2.1778,2.1787,2.1731,2.1738,1014626.3
1764150600,2.1737,2.1772,2.1735,2.1751,338842.8
1764150900,2.1751,2.1796,2.1744,2.1786,601015.3
1764151200,2.1786,2.1851,2.1785,2.1844,378579.6
1764151500,2.1844,2.1856,2.1826,2.183,437428.2
1764151800,2.183,2.1844,2.1801,2.1807,201835.4
1764152100,2.1806,2.1806,2.1778,2.1778,165576.0
1764152400,2.1778,2.1787,2.1755,2.1771,188583.9
1764152700,2.1771,2.181,2.1766,2.1804,243584.4
1764153000,2.1804,2.1811,2.1722,2.1729,496332.7
1764153300,2.1729,2.1738,2.1693,2.1714,595287.8
1764153600,2.1713,2.1759,2.1713,2.1752,510809.2
1764153900,2.1752,2.1767,2.1729,2.1758,170499.4
1764154200,2.1758,2.1781,2.1743,2.1761,295556.2
1764154500,2.1762,2.177,2.1742,2.1742,114967.0
1764154800,2.1743,2.1743,2.1704,2.1718,277754.2
1764155100,2.1717,2.1757,2.1705,2.1722,246709.2
1764155400,2.1723,2.1747,2.1715,2.1735,387605.8
1764155700,2.1735,2.1745,2.1699,2.1727,202076.5
1764156000,2.1727,2.1737,2.1706,2.1706,152685.3
1764156300,2.1706,2.1729,2.1696,2.1718,280098.3
1764156600,2.1717,2.1728,2.1691,2.171,307836.4
1764156900,2.1711,2.1741,2.1694,2.17,201324.3
1764157200,2.1699,2.1746,2.1694,2.1734,164862.1
1764157500,2.1733,2.1754,2.1695,2.1708,243810.5
1764157800,2.1708,2.172,2.1701,2.1717,189521.8
1764158100,2.1717,2.1719,2.17,2.1714,114838.1
1764158400,2.1714,2.1764,2.1578,2.1591,1713463.2
1764158700,2.159,2.1618,2.1536,2.1571,636760.9
1764159000,2.1572,2.1579,2.1516,2.1519,453959.6
1764159300,2.152,2.1571,2.1504,2.1516,492481.8
1764159600,2.1515,2.1548,2.146,2.1539,909476.5
1764159900,2.1539,2.1566,2.1528,2.154,171920.2
1764160200,2.1539,2.154,2.1493,2.1494,220665.8
1764160500,2.1493,2.1521,2.1481,2.1494,175160.6
1764160800,2.1493,2.1532,2.1483,2.1501,325883.5
1764161100,2.15,2.1552,2.1484,2.1494,392334.9
1764161400,2.1494,2.1515,2.1491,2.1514,125322.9
1764161700,2.1515,2.1533,2.1504,2.1516,361603.9
1764162000,2.1515,2.1526,2.1447,2.1487,746441.7
1764162300,2.1487,2.153,2.1486,2.1519,492210.2
1764162600,2.152,2.1548,2.1505,2.1515,216378.5
1764162900,2.1514,2.1558,2.1504,2.1546,242470.3
1764163200,2.1546,2.1588,2.1539,2.1567,356438.6
1764163500,2.1566,2.1611,2.1566,2.1573,748168.3
1764163800,2.1573,2.1611,2.1507,2.1528,380827.3
1764164100,2.1528,2.1652,2.1512,2.1621,941825.6
1764164400,2.1622,2.1676,2.1598,2.1624,834527.6
1764164700,2.1625,2.1649,2.1609,2.1648,279682.7
1764165000,2.1647,2.1659,2.159,2.1597,631988.9
1764165300,2.1597,2.1658,2.1589,2.1653,557763.5
1764165600,2.1652,2.1652,2.157,2.1619,367206.9
1764165900,2.1619,2.1637,2.1603,2.161,171088.0
1764166200,2.161,2.1721,2.159,2.1702,521640.1
1764166500,2.1703,2.1708,2.1652,2.1652,280998.8
1764166800,2.1652,2.1711,2.1644,2.1691,301245.3
1764167100,2.1692,2.1722,2.1672,2.1691,501907.4
1764167400,2.1692,2.1741,2.1607,2.1626,700392.9
1764167700,2.1626,2.1693,2.1626,2.1686,382466.5
1764168000,2.1687,2.1777,2.1661,2.1678,486054.5
1764168300,2.1678,2.178,2.1666,2.1779,464924.2
1764168600,2.178,2.1805,2.1576,2.1576,899321.1
1764168900,2.1576,2.1608,2.1484,2.1529,730959.3
1764169200,2.1529,2.1603,2.1507,2.1567,554467.6
1764169500,2.1568,2.1687,2.154,2.1662,517945.6
1764169800,2.1662,2.1664,2.1598,2.1612,365551.5
1764170100,2.1612,2.1667,2.1554,2.1586,450068.0
1764170400,2.1586,2.1643,2.1545,2.157,2481130.2
1764170700,2.157,2.1771,2.1569,2.1752,600296.1
1764171000,2.1752,2.1768,2.1682,2.1683,483000.4
1764171300,2.1684,2.1735,2.1684,2.1703,287271.5
1764171600,2.1703,2.1742,2.1653,2.1657,565818.4
1764171900,2.1656,2.1656,2.1592,2.164,541990.3
1764172200,2.164,2.1718,2.1612,2.1682,3066678.4
1764172500,2.1682,2.1721,2.1669,2.172,532605.0
1764172800,2.1721,2.1809,2.1712,2.1804,792766.1
1764173100,2.1804,2.1898,2.1799,2.1853,1251811.1
1764173400,2.1853,2.19,2.1853,2.1887,607773.8
1764173700,2.1887,2.195,2.1875,2.1882,469642.7
1764174000,2.1882,2.1951,2.1882,2.1951,522255.2
1764174300,2.1951,2.1967,2.1887,2.1893,548900.7
1764174600,2.1893,2.1931,2.1888,2.1923,233724.0
1764174900,2.1924,2.2006,2.1923,2.1952,656161.6
1764175200,2.1952,2.1952,2.1871,2.1899,1763713.4
1764175500,2.19,2.1933,2.1876,2.1882,1584394.4
1764175800,2.1882,2.189,2.1827,2.1839,340280.0
1764176100,2.1839,2.1922,2.1839,2.1905,256651.0
1764176400,2.1906,2.1966,2.1906,2.1934,276051.0
1764176700,2.1934,2.1965,2.1909,2.1933,216529.4
1764177000,2.1934,2.1977,2.1921,2.1935,297625.5
1764177300,2.1936,2.1959,2.1912,2.1914,430280.3
1764177600,2.1913,2.2,2.1901,2.199,425076.0
1764177900,2.199,2.217,2.1986,2.2155,2084468.4
1764178200,2.2154,2.2243,2.2123,2.2216,1455194.7
1764178500,2.2217,2.2266,2.2201,2.2232,1250474.3
1764178800,2.2231,2.2305,2.2231,2.2305,1109244.1
1764179100,2.2305,2.2403,2.23,2.2379,1546522.5
1764179400,2.2379,2.2379,2.2291,2.2319,1145105.3
1764179700,2.232,2.2389,2.2305,2.2343,669393.4
1764180000,2.2343,2.2421,2.2343,2.2361,713917.2
1764180300,2.2362,2.248,2.2333,2.2385,1774092.1
1764180600,2.2384,2.2449,2.2364,2.2428,683433.3
1764180900,2.2427,2.2547,2.2427,2.2501,1236756.9
1764181200,2.25,2.25,2.2419,2.2438,540949.1
1764181500,2.2439,2.2489,2.2432,2.2485,563835.5
1764181800,2.2484,2.2484,2.2371,2.2379,727374.6
1764182100,2.238,2.2408,2.2321,2.2338,742035.4
1764182400,2.2337,2.2385,2.2251,2.2259,549077.0
1764182700,2.226,2.2386,2.2243,2.2383,681722.4
1764183000,2.2383,2.2409,2.2374,2.2391,564449.8
1764183300,2.239,2.2425,2.2356,2.2423,332813.4
1764183600,2.2423,2.243,2.2351,2.2351,432220.1
1764183900,2.2351,2.2373,2.2316,2.2334,269018.0
1764184200,2.2335,2.2351,2.227,2.2292,687110.3
1764184500,2.2293,2.2339,2.2249,2.2328,327280.2
1764184800,2.2329,2.2367,2.2311,2.2328,531603.4
1764185100,2.2327,2.2373,2.2323,2.2372,449831.1
1764185400,2.2371,2.2397,2.2339,2.2378,709751.3
1764185700,2.2377,2.2377,2.2315,2.2363,431170.6
1764186000,2.2363,2.2405,2.2337,2.2339,575651.0
1764186300,2.2339,2.236,2.2315,2.2315,214265.3
1764186600,2.2316,2.2373,2.2312,2.2352,194932.7
1764186900,2.2351,2.2365,2.231,2.2324,187305.2
1764187200,2.2323,2.233,2.2268,2.2279,264120.5
1764187500,2.2278,2.2285,2.2162,2.2186,1102240.0
1764187800,2.2186,2.2299,2.2185,2.2277,270885.5
1764188100,2.2278,2.2297,2.22,2.2211,344242.9
1764188400,2.2212,2.2243,2.2187,2.2243,346595.8
1764188700,2.2243,2.226,2.2216,2.2223,256367.2
1764189000,2.2222,2.2249,2.2168,2.2178,444046.8
1764189300,2.2177,2.2198,2.2169,2.2171,281660.7
1764189600,2.2172,2.2191,2.212,2.2123,447362.5
1764189900,2.2122,2.2191,2.212,2.2191,392470.3
1764190200,2.219,2.2238,2.2172,2.2227,315744.7
1764190500,2.2228,2.2277,2.2224,2.2266,438953.3
1764190800,2.2266,2.2301,2.2239,2.2299,361345.3
1764191100,2.23,2.23,2.2259,2.2265,231459.6
1764191400,2.2265,2.2267,2.2231,2.2235,143513.9
1764191700,2.2234,2.2265,2.2182,2.2184,234454.4
1764192000,2.2184,2.2281,2.2176,2.228,272122.1
1764192300,2.228,2.2355,2.2276,2.2341,647441.7
1764192600,2.2341,2.2358,2.2263,2.2263,252283.9
1764192900,2.2263,2.2304,2.2254,2.2279,256264.0
1764193200,2.228,2.2291,2.2252,2.2263,169491.0
1764193500,2.2264,2.2334,2.2263,2.2321,229488.9
1764193800,2.2321,2.2326,2.2295,2.2303,133190.2
1764194100,2.2303,2.2303,2.2227,2.2255,248608.9
1764194400,2.2255,2.2258,2.2214,2.2226,188400.8
1764194700,2.2226,2.2269,2.2205,2.2258,223623.4
1764195000,2.2258,2.2342,2.2254,2.227,344531.8
1764195300,2.2269,2.2307,2.2254,2.2306,248714.4
1764195600,2.2307,2.2326,2.2226,2.2229,296733.6
1764195900,2.2228,2.225,2.2202,2.2241,254991.3
1764196200,2.2241,2.2279,2.2203,2.2245,342428.7
1764196500,2.2245,2.2275,2.2224,2.2272,140478.4
1764196800,2.2271,2.2271,2.2228,2.2228,193691.5
1764197100,2.2227,2.2234,2.2214,2.2223,128993.9
1764197400,2.2223,2.2228,2.2215,2.2223,117785.8
1764197700,2.2224,2.2265,2.2224,2.2244,126214.9
1764198000,2.2243,2.2293,2.2223,2.2293,310173.2
1764198300,2.2294,2.2319,2.2279,2.2299,159026.8
1764198600,2.2299,2.2312,2.2278,2.2291,212833.2
1764198900,2.229,2.229,2.223,2.223,122893.7
1764199200,2.223,2.2272,2.2225,2.2253,127981.2
1764199500,2.2253,2.2253,2.2199,2.22,170786.8
1764199800,2.2199,2.224,2.2198,2.2221,153986.6
1764200100,2.2221,2.225,2.2208,2.2243,118207.0
1764200400,2.2242,2.2261,2.222,2.2225,112936.3
1764200700,2.2224,2.226,2.2221,2.2252,148988.6
1764201000,2.2251,2.2257,2.2225,2.2245,102593.2
1764201300,2.2245,2.2246,2.2229,2.2233,136360.7
1764201600,2.2232,2.2244,2.2173,2.2183,229218.3
1764201900,2.2182,2.2189,2.2151,2.2158,198618.9
1764202200,2.2159,2.2177,2.2132,2.2162,448287.7
1764202500,2.2162,2.2202,2.2146,2.2195,216114.9
1764202800,2.2196,2.2203,2.2174,2.2181,128146.5
1764203100,2.2182,2.2204,2.2179,2.2189,128985.0
1764203400,2.2189,2.2201,2.2181,2.2196,167816.8
1764203700,2.2196,2.221,2.2184,2.2204,98459.1
1764204000,2.2204,2.2259,2.2204,2.2258,216681.2
1764204300,2.2258,2.2334,2.2242,2.2291,671835.2
1764204600,2.2291,2.2299,2.2227,2.2249,160502.5
1764204900,2.2248,2.2253,2.2204,2.2212,145352.3
1764205200,2.2212,2.2267,2.218,2.2261,258731.8
1764205500,2.2262,2.2301,2.2227,2.2259,406662.5
1764205800,2.2258,2.2259,2.2181,2.2209,414664.7
1764206100,2.221,2.2246,2.2173,2.219,270014.8
1764206400,2.2189,2.2207,2.2167,2.2192,148089.8
1764206700,2.2193,2.2226,2.2187,2.2204,170960.2
1764207000,2.2203,2.2203,2.2164,2.2183,243201.1
1764207300,2.2183,2.2206,2.2174,2.2186,114299.0
1764207600,2.2185,2.2222,2.2185,2.2212,77414.3
1764207900,2.2211,2.2226,2.2188,2.2188,80050.0
1764208200,2.2188,2.2232,2.2188,2.2213,110527.7
1764208500,2.2214,2.23,2.2214,2.2272,575915.0
1764208800,2.2271,2.228,2.221,2.2217,378689.8
1764209100,2.2218,2.2262,2.2213,2.2244,356149.0
1764209400,2.2244,2.2258,2.2226,2.2226,269820.5
1764209700,2.2227,2.225,2.219,2.2199,447621.5
1764210000,2.2198,2.226,2.2196,2.2204,505374.7
1764210300,2.2204,2.2304,2.2196,2.2303,567802.9
1764210600,2.2304,2.2318,2.2268,2.227,524003.9
1764210900,2.2269,2.2312,2.2254,2.2296,366204.9
1764211200,2.2295,2.2343,2.2282,2.2326,488345.1
1764211500,2.2326,2.2347,2.2269,2.2297,602385.9
1764211800,2.2297,2.2308,2.2224,2.2227,515104.6
1764212100,2.2227,2.2232,2.2196,2.2197,269015.3
1764212400,2.2198,2.2221,2.2186,2.2192,219848.5
1764212700,2.2191,2.2243,2.2159,2.2214,404346.8
1764213000,2.2214,2.2214,2.2172,2.2175,262390.3
1764213300,2.2176,2.2206,2.2171,2.2192,272361.4
1764213600,2.2192,2.2214,2.2179,2.2187,340277.2
1764213900,2.2188,2.2191,2.214,2.2142,282331.4
1764214200,2.2142,2.2142,2.207,2.209,920548.8
1764214500,2.2089,2.2113,2.2082,2.2089,270196.6
1764214800,2.209,2.2112,2.2074,2.2099,364472.0
1764215100,2.2099,2.2106,2.2074,2.209,339392.6
1764215400,2.2089,2.2111,2.2085,2.2107,163477.9
1764215700,2.2107,2.2132,2.2098,2.2102,496414.9
1764216000,2.2101,2.213,2.2092,2.2123,203908.6
1764216300,2.2122,2.2172,2.212,2.2169,212581.3
1764216600,2.2169,2.2213,2.2169,2.2202,406034.6
1764216900,2.2202,2.221,2.2168,2.2174,291660.5
1764217200,2.2173,2.2186,2.2164,2.2177,174094.4
1764217500,2.2177,2.2204,2.2149,2.2152,325902.4
1764217800,2.2151,2.2153,2.2121,2.2134,223184.4
1764218100,2.2134,2.2163,2.2133,2.2149,254871.7
1764218400,2.2148,2.2148,2.2116,2.2116,174498.6
1764218700,2.2116,2.2133,2.2112,2.2115,126820.0
1764219000,2.2116,2.2129,2.2097,2.212,199076.1
1764219300,2.212,2.2144,2.2119,2.2134,120381.1
1764219600,2.2134,2.2164,2.2122,2.2156,219398.0
1764219900,2.2157,2.217,2.2125,2.2132,327771.5
1764220200,2.2132,2.2166,2.2131,2.2161,235275.3
1764220500,2.2161,2.2161,2.2101,2.2103,276663.9
1764220800,2.2102,2.2192,2.2102,2.2177,443877.5
1764221100,2.2176,2.2192,2.2155,2.2155,245979.2
1764221400,2.2155,2.2155,2.2115,2.2127,301555.6
1764221700,2.2127,2.2127,2.2038,2.2066,840270.1
1764222000,2.2066,2.2066,2.2028,2.2035,350428.8
1764222300,2.2036,2.2053,2.1986,2.2011,1253400.9
1764222600,2.2011,2.2034,2.1994,2.2,330865.4
1764222900,2.2,2.2008,2.1952,2.2003,561489.4
1764223200,2.2004,2.2041,2.2003,2.2017,670186.4
1764223500,2.2017,2.2066,2.2013,2.2061,354192.8
1764223800,2.206,2.2111,2.206,2.2096,275074.5
1764224100,2.2097,2.2113,2.2063,2.2063,140443.5
1764224400,2.2063,2.211,2.2063,2.2107,208037.0
1764224700,2.2107,2.2134,2.2105,2.2116,304681.2
1764225000,2.2117,2.2128,2.211,2.2127,150331.6
1764225300,2.2128,2.2157,2.2112,2.2128,277399.0
1764225600,2.2128,2.2128,2.2085,2.2086,247505.3
1764225900,2.2087,2.2116,2.2086,2.2092,211347.4
1764226200,2.2091,2.21,2.2073,2.2098,228653.4
1764226500,2.2099,2.212,2.2089,2.2096,160136.3
1764226800,2.2096,2.2099,2.2074,2.2076,161507.3
1764227100,2.2077,2.2108,2.2077,2.2107,225094.8
1764227400,2.2106,2.2106,2.2087,2.2095,164824.6
1764227700,2.2094,2.2115,2.2082,2.2105,206246.5
1764228000,2.2104,2.2118,2.21,2.2104,153421.1
1764228300,2.2103,2.2142,2.2103,2.212,247777.4
1764228600,2.212,2.2121,2.2054,2.2075,181347.7
1764228900,2.2076,2.2076,2.2045,2.2067,223993.5
1764229200,2.2067,2.2067,2.2027,2.2043,281554.2
1764229500,2.2043,2.2076,2.203,2.2064,278332.7
1764229800,2.2063,2.2072,2.204,2.2041,261980.1
1764230100,2.2041,2.2054,2.2037,2.2047,278359.4
1764230400,2.2047,2.2052,2.1984,2.1999,387717.1
1764230700,2.1998,2.2013,2.1966,2.1967,345772.9
1764231000,2.1966,2.1974,2.1935,2.1936,348419.4
1764231300,2.1936,2.1949,2.1892,2.1926,754845.9
1764231600,2.1926,2.1965,2.1925,2.1958,171716.2
1764231900,2.1958,2.1982,2.1955,2.1969,141810.7
1764232200,2.1968,2.1981,2.1948,2.1981,154968.4
1764232500,2.1981,2.2004,2.1965,2.1967,147156.4
1764232800,2.1968,2.1976,2.1951,2.1963,102911.2
1764233100,2.1963,2.1974,2.1947,2.1954,185333.6
1764233400,2.1954,2.1976,2.1951,2.1972,173720.8
1764233700,2.1973,2.2002,2.1969,2.1997,196757.9
1764234000,2.1997,2.2018,2.1997,2.2014,311267.8
1764234300,2.2013,2.202,2.1999,2.2,191177.1
1764234600,2.2,2.2006,2.1984,2.1993,130378.1
1764234900,2.1993,2.2048,2.1992,2.2046,327257.1
1764235200,2.2046,2.2054,2.2016,2.2028,330653.6
1764235500,2.2028,2.2039,2.1983,2.1987,173084.9
1764235800,2.1987,2.2074,2.1987,2.206,306831.7
1764236100,2.206,2.2095,2.2046,2.2055,287176.1
1764236400,2.2055,2.2064,2.2048,2.2057,210850.1
1764236700,2.2057,2.2063,2.2006,2.2011,359195.1
1764237000,2.2011,2.2014,2.1969,2.1976,295193.9
1764237300,2.1975,2.1982,2.1967,2.198,264052.5
1764237600,2.1981,2.1984,2.1922,2.1938,380893.1
1764237900,2.1937,2.1955,2.192,2.1933,291679.8
1764238200,2.1934,2.1937,2.189,2.1899,399629.7
1764238500,2.1898,2.1944,2.1898,2.1936,297296.0
1764238800,2.1936,2.1953,2.1931,2.1942,214736.9
1764239100,2.1943,2.1943,2.1919,2.192,212059.1
1764239400,2.192,2.192,2.1851,2.1866,650775.3
1764239700,2.1867,2.1868,2.1845,2.1863,281876.0
1764240000,2.1864,2.1909,2.1863,2.1903,226353.7
1764240300,2.1903,2.1904,2.1878,2.1889,605035.9
1764240600,2.1888,2.1897,2.1869,2.1897,270184.2
1764240900,2.1897,2.1905,2.189,2.1892,236428.3
1764241200,2.1892,2.1899,2.1873,2.1899,300369.8
1764241500,2.1898,2.1905,2.1875,2.1876,308018.1
1764241800,2.1875,2.19,2.1868,2.1895,272438.4
1764242100,2.1895,2.1911,2.1883,2.1887,229917.6
1764242400,2.1887,2.1888,2.1869,2.1883,240985.6
1764242700,2.1884,2.1897,2.1872,2.1876,321302.1
1764243000,2.1876,2.1916,2.1855,2.1913,358226.1
1764243300,2.1913,2.1933,2.1906,2.1919,223037.4
1764243600,2.192,2.192,2.1902,2.1916,142522.4
1764243900,2.1915,2.1925,2.1898,2.1903,359585.6
1764244200,2.1903,2.1907,2.1888,2.19,186469.1
1764244500,2.1899,2.1906,2.1889,2.1896,164374.3
1764244800,2.1895,2.1898,2.1874,2.1898,307463.1
1764245100,2.1897,2.1912,2.1882,2.1893,377290.5
1764245400,2.1893,2.1918,2.1893,2.1895,296806.0
1764245700,2.1896,2.1903,2.1833,2.185,360320.4
1764246000,2.185,2.1852,2.1803,2.1848,482734.7
1764246300,2.1848,2.185,2.1812,2.1813,134303.9
1764246600,2.1812,2.1848,2.1812,2.1829,318173.0
1764246900,2.1829,2.183,2.1806,2.1816,399514.7
1764247200,2.1816,2.1816,2.1762,2.1781,567762.6
1764247500,2.1781,2.1797,2.1771,2.1781,536089.9
1764247800,2.178,2.178,2.1746,2.1749,404108.5
1764248100,2.1748,2.1767,2.1732,2.1751,523698.6
1764248400,2.175,2.1804,2.1745,2.1792,371862.2
1764248700,2.1791,2.1817,2.1772,2.1797,262383.0
1764249000,2.1796,2.1817,2.1764,2.1817,160518.8
1764249300,2.1818,2.1834,2.1754,2.1787,496071.2
1764249600,2.1788,2.1821,2.1761,2.1795,348777.0
1764249900,2.1795,2.1833,2.1791,2.1805,270322.6
1764250200,2.1805,2.1836,2.1757,2.1758,334523.7
1764250500,2.1757,2.1811,2.1727,2.1787,471637.8
1764250800,2.1787,2.1808,2.1786,2.1788,193400.0
1764251100,2.1787,2.1812,2.1755,2.1807,272616.9
1764251400,2.1807,2.1838,2.1806,2.1811,269351.0
1764251700,2.1812,2.1819,2.1789,2.1807,261796.3
1764252000,2.1808,2.1819,2.1776,2.1784,211415.1
1764252300,2.1784,2.1809,2.1768,2.1794,184194.7
1764252600,2.1793,2.1809,2.1774,2.1807,123205.5
1764252900,2.1806,2.1812,2.179,2.18,100899.4
1764253200,2.18,2.1834,2.179,2.1808,210533.2
1764253500,2.1808,2.1879,2.1808,2.1866,424450.3
1764253800,2.1865,2.1886,2.1841,2.1863,678968.4
1764254100,2.1862,2.1862,2.1822,2.1823,364330.1
1764254400,2.1823,2.1849,2.1796,2.1812,549212.1
1764254700,2.1811,2.1832,2.1791,2.1817,524609.0
1764255000,2.1816,2.1844,2.1805,2.1822,179642.3
1764255300,2.1821,2.184,2.1811,2.1834,168946.2
1764255600,2.1833,2.1883,2.1823,2.1883,284858.3
1764255900,2.1882,2.1886,2.1803,2.1809,379149.9
1764256200,2.1809,2.1836,2.1808,2.1824,237054.8
1764256500,2.1824,2.1895,2.1823,2.1877,352441.3
1764256800,2.1877,2.1972,2.1877,2.1967,495398.5
1764257100,2.1968,2.1983,2.1946,2.198,335235.5
1764257400,2.198,2.1991,2.1953,2.1966,334489.8
1764257700,2.1967,2.2003,2.1951,2.1962,511476.7
1764258000,2.1963,2.1978,2.1948,2.1966,101710.1
1764258300,2.1967,2.2013,2.1958,2.1993,269101.7
1764258600,2.1993,2.2034,2.1981,2.2031,364279.0
1764258900,2.2032,2.2032,2.2002,2.2028,330409.9
1764259200,2.2028,2.2063,2.2002,2.2002,394027.9
1764259500,2.2002,2.204,2.1984,2.2005,296676.5
1764259800,2.2005,2.2137,2.1997,2.2135,495642.2
1764260100,2.2134,2.2168,2.21,2.2123,514970.7
1764260400,2.2123,2.219,2.2088,2.2141,615292.3
1764260700,2.214,2.2154,2.2116,2.2148,223518.4
1764261000,2.2147,2.2178,2.2118,2.2138,342553.3
1764261300,2.2139,2.2169,2.2127,2.2155,293062.3
1764261600,2.2156,2.2164,2.2113,2.2113,485892.3
1764261900,2.2112,2.2125,2.2065,2.2091,353590.0
1764262200,2.2091,2.2158,2.2088,2.2151,177343.0
1764262500,2.2152,2.2191,2.2142,2.2175,365607.0
1764262800,2.2174,2.2176,2.2137,2.2149,297547.4
1764263100,2.2149,2.2158,2.2134,2.215,286855.6
1764263400,2.2151,2.2155,2.2107,2.2123,182624.7
1764263700,2.2122,2.2153,2.2087,2.2087,249221.7
1764264000,2.2088,2.2143,2.2084,2.2118,211281.7
1764264300,2.2118,2.2146,2.206,2.2071,296116.1
1764264600,2.207,2.2093,2.2046,2.209,181832.7
1764264900,2.2089,2.21,2.2033,2.2033,205294.9
1764265200,2.2033,2.205,2.2024,2.205,146659.0
1764265500,2.2051,2.2061,2.2033,2.2042,142475.5
1764265800,2.2041,2.2071,2.202,2.207,189466.5
1764266100,2.2071,2.2097,2.2071,2.2079,289412.7
1764266400,2.2079,2.2096,2.2069,2.2078,166819.3
1764266700,2.2078,2.2113,2.2065,2.2079,374853.4
1764267000,2.2079,2.2095,2.206,2.2092,87422.2
1764267300,2.2092,2.2136,2.208,2.2118,510008.3
1764267600,2.2117,2.2136,2.2073,2.2109,149533.0
1764267900,2.2109,2.2148,2.2109,2.2133,212786.5
1764268200,2.2132,2.2174,2.2124,2.2168,269035.1
1764268500,2.2168,2.2249,2.2154,2.2246,518248.8
1764268800,2.2246,2.2294,2.224,2.2273,384449.6
1764269100,2.2272,2.2303,2.2252,2.2303,618152.0
1764269400,2.2303,2.231,2.2259,2.2294,309176.8
1764269700,2.2293,2.23,2.2278,2.2293,150499.0
1764270000,2.2293,2.2309,2.2236,2.2237,389551.2
1764270300,2.2237,2.2251,2.2212,2.2251,373611.2
1764270600,2.2251,2.2251,2.2195,2.2195,114415.6
1764270900,2.2195,2.22,2.2158,2.2198,383005.2
1764271200,2.2198,2.2238,2.2198,2.2216,207450.2
1764271500,2.2215,2.2232,2.2198,2.222,127608.4
1764271800,2.2221,2.223,2.2184,2.2192,242605.0
1764272100,2.2192,2.2222,2.2179,2.2217,137634.2
1764272400,2.2217,2.2256,2.2209,2.2245,158783.7
1764272700,2.2244,2.2249,2.2209,2.2232,208075.5
1764273000,2.2233,2.2251,2.2226,2.2249,155211.1
1764273300,2.225,2.2255,2.2227,2.2239,157965.1
1764273600,2.2238,2.2286,2.223,2.2264,260247.8
1764273900,2.2264,2.2322,2.2264,2.2311,395942.4
1764274200,2.2311,2.2332,2.2302,2.2317,315012.8
1764274500,2.2318,2.2337,2.2283,2.232,291612.0
1764274800,2.232,2.2321,2.2291,2.2296,199934.3
1764275100,2.2297,2.2319,2.2286,2.2294,175220.0
1764275400,2.2295,2.2328,2.2274,2.2326,180332.4
1764275700,2.2326,2.2332,2.223,2.2242,169052.4
1764276000,2.2242,2.2295,2.2237,2.229,146708.5
1764276300,2.229,2.231,2.2277,2.2301,167920.0
1764276600,2.2301,2.2331,2.2296,2.2317,109623.2
1764276900,2.2317,2.2317,2.226,2.2267,218886.6
1764277200,2.2266,2.2272,2.22,2.2212,333395.2
1764277500,2.2211,2.2228,2.2177,2.2217,374495.2
1764277800,2.2217,2.2249,2.22,2.224,158633.3
1764278100,2.2241,2.2286,2.2219,2.2285,111980.3
1764278400,2.2286,2.2291,2.2262,2.2269,134574.4
1764278700,2.2268,2.2274,2.2241,2.2259,122216.7
1764279000,2.2259,2.2264,2.2205,2.2226,190894.6
1764279300,2.2226,2.2247,2.2223,2.2242,101731.0
1764279600,2.2242,2.2249,2.2212,2.2229,99941.7
1764279900,2.223,2.2243,2.2164,2.2175,212770.7
1764280200,2.2174,2.2177,2.2131,2.2143,270195.7
1764280500,2.2144,2.2154,2.2128,2.2132,169655.2
1764280800,2.2132,2.2149,2.2112,2.2148,392859.0
1764281100,2.2148,2.2154,2.2114,2.2122,83572.6
1764281400,2.2122,2.2168,2.2122,2.2163,222646.0
1764281700,2.2163,2.2183,2.2148,2.2175,92189.0
1764282000,2.2174,2.2179,2.2138,2.2158,115519.8
1764282300,2.2157,2.2195,2.2157,2.218,92193.6
1764282600,2.218,2.219,2.2151,2.2167,106675.5
1764282900,2.2166,2.2166,2.2126,2.2136,148414.5
1764283200,2.2135,2.2135,2.204,2.206,303177.2
1764283500,2.206,2.2096,2.1979,2.2088,485876.1
1764283800,2.2088,2.2088,2.2011,2.2032,531431.9
1764284100,2.2033,2.2065,2.2018,2.2054,174763.6
1764284400,2.2053,2.2096,2.2042,2.2073,367183.6
1764284700,2.2073,2.2084,2.2028,2.2052,279246.4
1764285000,2.2053,2.2058,2.2008,2.2057,296819.7
1764285300,2.2056,2.2105,2.2056,2.2071,256903.4
1764285600,2.207,2.2076,2.2024,2.2026,250393.8
1764285900,2.2027,2.2042,2.2016,2.2034,84846.3
1764286200,2.2033,2.2039,2.196,2.1978,370903.5
1764286500,2.1978,2.2021,2.1978,2.2015,126979.8
1764286800,2.2016,2.2053,2.2011,2.2048,71547.6
1764287100,2.2048,2.2052,2.2004,2.2022,93085.3
1764287400,2.2021,2.2023,2.1994,2.2001,115227.3
1764287700,2.2002,2.2021,2.1992,2.1999,164399.9
1764288000,2.2,2.2006,2.1979,2.1998,223456.8
1764288300,2.1999,2.2041,2.1971,2.1983,146297.8
1764288600,2.1983,2.1984,2.195,2.1956,193057.9
1764288900,2.1957,2.1963,2.1925,2.1947,265628.5
1764289200,2.1948,2.201,2.1948,2.1984,158708.2
1764289500,2.1983,2.2013,2.1959,2.1977,169364.6
1764289800,2.1976,2.2015,2.1976,2.2015,250717.1
1764290100,2.2015,2.2044,2.1998,2.2007,315375.4
1764290400,2.2008,2.2008,2.1964,2.1968,278240.0
1764290700,2.1968,2.1985,2.1934,2.1937,345574.7
1764291000,2.1937,2.1949,2.1914,2.1916,415404.8
1764291300,2.1916,2.1928,2.1912,2.1921,222198.9
1764291600,2.1922,2.1933,2.1885,2.1885,393247.2
1764291900,2.1886,2.1928,2.1869,2.1872,329414.0
1764292200,2.1872,2.1877,2.1831,2.1843,578433.6
1764292500,2.1842,2.1873,2.1817,2.1832,532443.6
1764292800,2.1831,2.1863,2.1827,2.1863,491452.5
1764293100,2.1863,2.188,2.185,2.1854,239362.1
1764293400,2.1854,2.1872,2.1801,2.1853,291514.2
1764293700,2.1854,2.189,2.1852,2.1853,138244.7
1764294000,2.1852,2.1864,2.1817,2.1841,376364.5
1764294300,2.184,2.1856,2.1807,2.1807,200863.1
1764294600,2.1808,2.1812,2.1722,2.1722,709305.8
1764294900,2.1722,2.175,2.1664,2.1719,1540333.3
1764295200,2.1719,2.1761,2.1716,2.1716,344641.6
1764295500,2.1717,2.1762,2.168,2.1731,403813.7
1764295800,2.1731,2.1768,2.1698,2.1765,251773.5
1764296100,2.1766,2.1795,2.1674,2.1687,392646.4
1764296400,2.1687,2.1735,2.1687,2.1732,345269.0
1764296700,2.1733,2.175,2.1702,2.1702,105885.9
1764297000,2.1702,2.1747,2.1695,2.1743,213374.3
1764297300,2.1744,2.1786,2.1744,2.178,235049.7
1764297600,2.178,2.1801,2.1771,2.1793,133275.0
1764297900,2.1793,2.1823,2.1776,2.178,75815.4
1764298200,2.178,2.1829,2.1766,2.1828,97764.8
1764298500,2.1827,2.1873,2.1827,2.1851,281653.4
1764298800,2.1852,2.1871,2.1832,2.1848,222477.9
1764299100,2.1849,2.1868,2.1834,2.1847,214985.8
1764299400,2.1848,2.189,2.1824,2.1826,655006.1
1764299700,2.1827,2.1828,2.1793,2.1809,312715.0
1764300000,2.181,2.1847,2.1809,2.1825,299243.3
1764300300,2.1824,2.1837,2.1817,2.1829,149510.3
1764300600,2.183,2.185,2.1811,2.1841,270116.7
1764300900,2.1842,2.1843,2.182,2.1821,130374.4
1764301200,2.1821,2.1823,2.1806,2.1818,133568.3
1764301500,2.1818,2.1846,2.1816,2.1846,177570.5
1764301800,2.1846,2.1877,2.1844,2.1865,233807.4
1764302100,2.1865,2.1877,2.1855,2.1856,142289.7
1764302400,2.1856,2.1859,2.1819,2.1827,196023.7
1764302700,2.1826,2.1834,2.1812,2.183,130295.1
1764303000,2.1831,2.1896,2.1823,2.1896,612728.6
1764303300,2.1897,2.192,2.1885,2.1911,283051.8
1764303600,2.1912,2.1914,2.1889,2.1905,182879.6
1764303900,2.1904,2.1914,2.1897,2.1902,159614.0
1764304200,2.1901,2.1934,2.1897,2.1921,335813.9
1764304500,2.1922,2.1939,2.1891,2.1905,287008.4
1764304800,2.1905,2.1919,2.19,2.1918,176576.2
1764305100,2.1919,2.1939,2.19,2.1908,202654.9
1764305400,2.1908,2.1929,2.1904,2.1923,141565.5
1764305700,2.1923,2.1926,2.1902,2.1905,89748.6
1764306000,2.1905,2.1909,2.1885,2.1901,267800.8
1764306300,2.1901,2.2005,2.1898,2.1989,339165.3
1764306600,2.1988,2.1994,2.1959,2.1985,264245.2
1764306900,2.1984,2.1989,2.1965,2.1965,192671.6
1764307200,2.1965,2.2002,2.1955,2.1984,210370.3
1764307500,2.1983,2.1985,2.1966,2.1976,94065.3
1764307800,2.1975,2.2005,2.1972,2.1995,222794.2
1764308100,2.1996,2.207,2.1995,2.2061,376420.5
1764308400,2.206,2.2071,2.2044,2.207,140099.8
1764308700,2.207,2.2222,2.2064,2.2157,840723.2
1764309000,2.2157,2.2178,2.2135,2.2136,285015.5
1764309300,2.2135,2.2146,2.2111,2.2142,181491.2
1764309600,2.2142,2.22,2.2099,2.2169,533898.8
1764309900,2.2169,2.2171,2.2111,2.2133,295450.2
1764310200,2.2132,2.2148,2.2103,2.2112,194014.2
1764310500,2.2112,2.2145,2.208,2.208,291439.8
1764310800,2.208,2.2081,2.2057,2.2065,273124.1
1764311100,2.2065,2.207,2.2032,2.2048,345184.6
1764311400,2.2048,2.208,2.2026,2.2028,336417.3
1764311700,2.2029,2.203,2.1959,2.1998,523477.4
1764312000,2.1998,2.2052,2.1996,2.2048,269838.8
1764312300,2.2048,2.2061,2.2015,2.2024,274876.5
1764312600,2.2025,2.2049,2.2012,2.2024,228156.9
1764312900,2.2025,2.2041,2.2004,2.2007,315596.1
1764313200,2.2007,2.2058,2.2006,2.2054,181334.9
1764313500,2.2055,2.2107,2.2053,2.2106,274266.1
1764313800,2.2105,2.2113,2.2086,2.2087,263171.7
1764314100,2.2086,2.2086,2.2044,2.2045,181801.3
1764314400,2.2045,2.21,2.2045,2.2095,315888.2
1764314700,2.2095,2.211,2.207,2.2073,257417.2
1764315000,2.2073,2.2075,2.2029,2.2029,250067.3
1764315300,2.2028,2.2038,2.2,2.2009,226078.3
1764315600,2.2008,2.2013,2.1971,2.1986,244449.5
1764315900,2.1986,2.1996,2.1969,2.1973,212800.2
1764316200,2.1973,2.2005,2.1963,2.1978,341224.7
1764316500,2.1978,2.1994,2.1953,2.1968,625095.2
1764316800,2.1969,2.1997,2.1968,2.1991,164711.1
1764317100,2.1991,2.2054,2.1983,2.2012,421326.0
1764317400,2.2013,2.2108,2.2005,2.21,326199.5
1764317700,2.21,2.2156,2.2077,2.2129,551292.1
1764318000,2.2129,2.2188,2.2107,2.216,617192.6
1764318300,2.2161,2.2168,2.214,2.2166,221704.4
1764318600,2.2166,2.2167,2.2134,2.2156,323832.1
1764318900,2.2155,2.2276,2.2144,2.2238,1131756.8
1764319200,2.2237,2.2241,2.219,2.2194,257171.5
1764319500,2.2194,2.2217,2.2186,2.2215,269008.7
1764319800,2.2216,2.2448,2.2216,2.2399,2886975.8
1764320100,2.2399,2.2438,2.2343,2.2436,740265.0
1764320400,2.2436,2.2464,2.2355,2.2382,997761.1
1764320700,2.2382,2.2434,2.2347,2.2422,919907.5
1764321000,2.2422,2.2496,2.2389,2.2444,3123476.3
1764321300,2.2444,2.245,2.24,2.241,593014.1
1764321600,2.2411,2.2461,2.238,2.2412,630056.6
1764321900,2.2412,2.242,2.2378,2.2399,304136.8
1764322200,2.24,2.2404,2.232,2.2335,966901.6
1764322500,2.2336,2.2359,2.2287,2.2292,341942.0
1764322800,2.2293,2.2313,2.2254,2.2285,2555685.5
1764323100,2.2284,2.2358,2.2282,2.2344,871833.7
1764323400,2.2345,2.2365,2.2316,2.2337,189352.3
1764323700,2.2337,2.2337,2.2308,2.2327,243194.9
1764324000,2.2327,2.2327,2.227,2.2282,104032.5
1764324300,2.2281,2.229,2.226,2.2272,271511.9
1764324600,2.2272,2.2272,2.225,2.2268,228198.2
1764324900,2.2267,2.2299,2.2249,2.2297,240516.8
1764325200,2.2298,2.2307,2.2243,2.2251,202221.0
1764325500,2.2251,2.226,2.225,2.2259,133946.1
1764325800,2.2259,2.2281,2.2241,2.2247,189661.7
1764326100,2.2246,2.2246,2.2206,2.2217,209490.1
1764326400,2.2217,2.2222,2.2205,2.2211,226235.0
1764326700,2.2212,2.2226,2.2194,2.2204,229054.8
1764327000,2.2204,2.2277,2.2192,2.2272,248707.1
1764327300,2.2271,2.2282,2.2225,2.2248,395651.2
1764327600,2.2249,2.2253,2.2181,2.219,307087.1
1764327900,2.219,2.2194,2.2168,2.2174,323309.4
1764328200,2.2173,2.2177,2.203,2.2032,701352.3
1764328500,2.2033,2.2043,2.185,2.1936,3013004.1
1764328800,2.1936,2.1995,2.1934,2.1964,468461.1
1764329100,2.1963,2.1983,2.1936,2.1951,392838.8
1764329400,2.1952,2.1975,2.1907,2.1921,271173.3
1764329700,2.1921,2.1944,2.1901,2.1909,319680.0
1764330000,2.1909,2.1961,2.1896,2.193,294155.9
1764330300,2.1931,2.1964,2.1929,2.193,198064.8
1764330600,2.193,2.1948,2.1903,2.1938,265922.1
1764330900,2.1937,2.1988,2.1937,2.1972,316875.5
1764331200,2.1971,2.1999,2.1957,2.1989,271414.8
1764331500,2.1988,2.2029,2.1957,2.2002,508114.1
1764331800,2.2002,2.2019,2.1967,2.1984,291234.9
1764332100,2.1984,2.1984,2.1935,2.1984,273884.7
1764332400,2.1984,2.2001,2.1958,2.1963,194954.3
1764332700,2.1962,2.1978,2.1948,2.1971,162307.8
1764333000,2.1971,2.2002,2.1952,2.1998,179705.2
1764333300,2.1997,2.2017,2.1974,2.1986,275737.4
1764333600,2.1986,2.2001,2.1957,2.1961,181714.4
1764333900,2.1962,2.1979,2.1949,2.195,143897.8
1764334200,2.1949,2.2027,2.1949,2.1999,650120.4
1764334500,2.1999,2.2006,2.196,2.1961,204424.5
1764334800,2.1961,2.1969,2.1939,2.1956,353082.9
1764335100,2.1956,2.1979,2.1893,2.1906,511929.5
1764335400,2.1906,2.194,2.1906,2.1926,256905.3
1764335700,2.1926,2.1941,2.1911,2.1931,135135.9
1764336000,2.1931,2.1963,2.1924,2.1954,139596.8
1764336300,2.1953,2.1981,2.1947,2.1971,150876.9
1764336600,2.1971,2.2023,2.1957,2.202,472560.8
1764336900,2.202,2.2121,2.202,2.2101,736514.3
1764337200,2.21,2.2132,2.2074,2.2095,383937.1
1764337500,2.2094,2.2303,2.2093,2.2236,1497700.8
1764337800,2.2235,2.2235,2.2147,2.2181,622998.3
1764338100,2.218,2.2222,2.2144,2.2221,569453.6
1764338400,2.2221,2.2257,2.2182,2.2211,648137.7
1764338700,2.221,2.2222,2.215,2.2178,318072.6
1764339000,2.2178,2.2178,2.2121,2.2161,394983.1
1764339300,2.2162,2.2202,2.2153,2.2169,514587.7
1764339600,2.2168,2.2229,2.2161,2.2212,552214.4
1764339900,2.2211,2.2327,2.2211,2.2277,1545663.8
1764340200,2.2277,2.2309,2.2176,2.22,1545064.1
1764340500,2.22,2.2202,2.2088,2.2124,899949.0
1764340800,2.2124,2.2155,2.2043,2.2054,846632.8
1764341100,2.2053,2.2122,2.2005,2.2111,919000.5
1764341400,2.2111,2.2156,2.2109,2.2138,583655.2
1764341700,2.2138,2.2158,2.2113,2.2149,380693.4
1764342000,2.2148,2.2198,2.2136,2.2173,866857.5
1764342300,2.2173,2.222,2.2151,2.2162,1114746.7
1764342600,2.2163,2.2259,2.2162,2.2259,779812.1
1764342900,2.2259,2.252,2.2256,2.2409,2554383.7
1764343200,2.241,2.2581,2.2397,2.2559,2371993.6
1764343500,2.2559,2.2752,2.2556,2.2614,3843299.7
1764343800,2.2614,2.2694,2.2531,2.2648,1670586.5
1764344100,2.2648,2.2662,2.25,2.2549,1235195.0
1764344400,2.2549,2.2617,2.2546,2.2599,1108502.0
1764344700,2.2599,2.2645,2.2524,2.2632,1278843.3
1764345000,2.2632,2.2641,2.254,2.2541,1432529.8
1764345300,2.254,2.254,2.2406,2.2453,931793.0
1764345600,2.2454,2.2517,2.239,2.2403,722694.8
1764345900,2.2404,2.2412,2.2322,2.2336,739886.8
1764346200,2.2337,2.2357,2.2314,2.2317,529794.1
1764346500,2.2318,2.2325,2.2262,2.2283,945502.5
1764346800,2.2283,2.2291,2.2064,2.2104,2647228.8
1764347100,2.2105,2.213,2.2026,2.2064,766992.6
1764347400,2.2063,2.2147,2.2014,2.2121,688645.6
1764347700,2.212,2.214,2.2066,2.2089,392764.6
1764348000,2.209,2.2097,2.2032,2.2059,447851.9
1764348300,2.2059,2.2119,2.2042,2.2068,377377.6
1764348600,2.2067,2.2067,2.1983,2.2004,1441389.9
1764348900,2.2003,2.2005,2.19,2.191,1754005.1
1764349200,2.1911,2.1933,2.189,2.19,859396.9
1764349500,2.19,2.195,2.1893,2.1942,493561.2
1764349800,2.1942,2.1959,2.1836,2.1854,651115.0
1764350100,2.1853,2.1895,2.178,2.1873,1778419.4
1764350400,2.1874,2.1885,2.1821,2.1837,522468.4
1764350700,2.1836,2.1864,2.1759,2.178,1455818.0
1764351000,2.178,2.1816,2.1734,2.1785,741952.1
1764351300,2.1784,2.1803,2.1705,2.1708,857299.9
1764351600,2.1708,2.1745,2.1698,2.1715,922671.4
1764351900,2.1716,2.1809,2.1716,2.1758,722598.1
1764352200,2.1759,2.1795,2.1742,2.175,604363.7
1764352500,2.1749,2.1817,2.1663,2.1755,1151601.1
1764352800,2.1754,2.177,2.1594,2.1603,2345843.4
1764353100,2.1602,2.1657,2.1565,2.1652,979559.1
1764353400,2.1652,2.1744,2.1644,2.1724,337454.3
1764353700,2.1724,2.1741,2.1696,2.1711,293092.3
1764354000,2.171,2.1717,2.1634,2.1645,341191.3
1764354300,2.1645,2.1675,2.1635,2.1672,207282.2
1764354600,2.1672,2.1704,2.1634,2.1639,226255.1
1764354900,2.164,2.1715,2.1625,2.1704,482784.8
1764355200,2.1704,2.173,2.1687,2.1721,223023.9
1764355500,2.1721,2.1796,2.1714,2.177,650276.7
1764355800,2.1771,2.1777,2.1705,2.1705,229303.1
1764356100,2.1705,2.1729,2.168,2.1721,546544.7
1764356400,2.1722,2.1761,2.1716,2.175,235979.0
1764356700,2.1749,2.1796,2.1743,2.1778,265033.9
1764357000,2.1778,2.185,2.1766,2.1844,456326.5
1764357300,2.1843,2.1856,2.1792,2.18,578267.8
1764357600,2.18,2.1879,2.1794,2.1867,513365.2
1764357900,2.1866,2.1893,2.1849,2.1862,213920.0
1764358200,2.1863,2.1895,2.1857,2.1861,251762.8
1764358500,2.186,2.1932,2.1849,2.1915,291049.6
1764358800,2.1914,2.1965,2.1903,2.1914,786716.2
1764359100,2.1915,2.1922,2.1884,2.1913,586273.5
1764359400,2.1913,2.1928,2.1872,2.1898,324502.2
1764359700,2.1897,2.19,2.187,2.1882,160052.5
1764360000,2.1881,2.1881,2.1752,2.1772,496937.4
1764360300,2.1771,2.1771,2.173,2.1747,381618.1
1764360600,2.1747,2.1781,2.1732,2.178,221318.1
1764360900,2.1781,2.1884,2.1751,2.187,379698.5
1764361200,2.1869,2.1904,2.1856,2.1867,566617.8
1764361500,2.1867,2.1867,2.1832,2.1855,202154.4
1764361800,2.1856,2.1892,2.185,2.1852,155362.3
1764362100,2.1851,2.1881,2.1847,2.1871,149469.3
1764362400,2.187,2.187,2.1836,2.1845,122297.0
1764362700,2.1845,2.1887,2.1825,2.1885,281434.9
1764363000,2.1884,2.19,2.1875,2.1878,125984.1
1764363300,2.1877,2.192,2.1877,2.1885,256614.0
1764363600,2.1886,2.1915,2.187,2.1883,186077.9
1764363900,2.1882,2.1892,2.184,2.1849,405034.7
1764364200,2.1849,2.1854,2.1827,2.1848,184933.0
1764364500,2.1848,2.1848,2.1756,2.1772,1678871.1
1764364800,2.1773,2.1804,2.1764,2.18,237799.5
1764365100,2.18,2.1816,2.1799,2.1808,165552.5
1764365400,2.1809,2.1832,2.1806,2.1815,128236.7
1764365700,2.1816,2.1874,2.1815,2.1868,279427.6
1764366000,2.1867,2.1918,2.1866,2.1905,234565.0
1764366300,2.1905,2.1906,2.1862,2.1867,129713.2
1764366600,2.1868,2.1875,2.1831,2.1838,290341.2
1764366900,2.1837,2.1872,2.1826,2.1829,124131.0
1764367200,2.1829,2.1829,2.1765,2.18,262988.8
1764367500,2.1801,2.1858,2.1801,2.1826,206055.0
1764367800,2.1827,2.1853,2.1793,2.1804,223763.7
1764368100,2.1803,2.1829,2.1755,2.1777,527462.2
1764368400,2.1777,2.1807,2.172,2.1762,690777.7
1764368700,2.1761,2.1832,2.1761,2.1799,207808.0
1764369000,2.1799,2.1816,2.1789,2.1813,303627.4
1764369300,2.1814,2.1841,2.1806,2.1831,204727.2
1764369600,2.1831,2.1835,2.1812,2.1822,245726.4
1764369900,2.1823,2.185,2.1822,2.1846,90873.6
1764370200,2.1847,2.19,2.1846,2.1898,172356.6
1764370500,2.1898,2.1898,2.186,2.1872,295598.4
1764370800,2.1871,2.1907,2.1858,2.188,169504.4
1764371100,2.188,2.1887,2.182,2.1833,163833.9
1764371400,2.1834,2.1864,2.1832,2.1855,101554.3
1764371700,2.1854,2.1857,2.1818,2.1821,110890.4
1764372000,2.182,2.1848,2.182,2.1844,97037.4
1764372300,2.1843,2.1849,2.183,2.1834,93268.3
1764372600,2.1833,2.1844,2.1812,2.1843,214632.3
1764372900,2.1844,2.1855,2.1826,2.1828,133328.2
1764373200,2.1829,2.1839,2.1815,2.1818,89178.3
1764373500,2.1818,2.1827,2.1801,2.1807,99691.0
1764373800,2.1807,2.1823,2.1793,2.1794,120780.3
1764374100,2.1794,2.1804,2.1784,2.1795,141183.8
1764374400,2.1795,2.1803,2.177,2.177,243710.0
1764374700,2.1771,2.1793,2.1745,2.1746,137867.5
1764375000,2.1746,2.1757,2.1736,2.1757,102725.6
1764375300,2.1758,2.1773,2.174,2.1746,376393.4
1764375600,2.1746,2.1843,2.1746,2.1831,166641.0
1764375900,2.1831,2.1848,2.1802,2.1848,120801.3
1764376200,2.1848,2.185,2.1792,2.1805,85326.0
1764376500,2.1806,2.187,2.1803,2.1842,106158.9
1764376800,2.1842,2.1852,2.1822,2.183,88650.7
1764377100,2.1829,2.1839,2.1799,2.1807,72141.3
1764377400,2.1806,2.181,2.1788,2.1802,52147.9
1764377700,2.1802,2.1814,2.1796,2.1811,35765.8
1764378000,2.181,2.185,2.1807,2.1835,105292.4
1764378300,2.1834,2.1872,2.1825,2.1861,122726.0
1764378600,2.1861,2.1861,2.1827,2.1838,194871.2
1764378900,2.1838,2.1865,2.1806,2.1806,75539.4
1764379200,2.1806,2.1843,2.1799,2.1836,90608.8
1764379500,2.1836,2.1842,2.1792,2.1801,77780.3
1764379800,2.1801,2.1804,2.1777,2.1796,57431.8
1764380100,2.1796,2.1805,2.1765,2.1766,91962.9
1764380400,2.1765,2.1771,2.175,2.1764,125274.3
1764380700,2.1765,2.1789,2.1765,2.1777,85091.5
1764381000,2.1777,2.178,2.1754,2.178,46315.0
1764381300,2.178,2.18,2.1777,2.178,58343.8
1764381600,2.178,2.1794,2.1761,2.1761,120665.4
1764381900,2.1762,2.1794,2.1762,2.178,52104.9
1764382200,2.178,2.1818,2.178,2.1817,41354.5
1764382500,2.1817,2.1838,2.1813,2.1833,70879.4
1764382800,2.1832,2.1834,2.1813,2.1831,47298.9
1764383100,2.183,2.183,2.1806,2.1809,127466.7
1764383400,2.1808,2.1809,2.1726,2.174,239738.0
1764383700,2.1739,2.1762,2.1729,2.176,187753.4
1764384000,2.1761,2.1782,2.1757,2.1766,75650.0
1764384300,2.1767,2.1787,2.1747,2.1779,47792.0
1764384600,2.1779,2.179,2.1772,2.1785,90901.6
1764384900,2.1786,2.1814,2.1786,2.1802,89315.5
1764385200,2.1802,2.1826,2.1794,2.1826,107832.9
1764385500,2.1826,2.1826,2.181,2.181,72441.4
1764385800,2.1809,2.1823,2.1805,2.1822,163598.1
1764386100,2.1823,2.1854,2.1815,2.1845,145226.9
1764386400,2.1845,2.1881,2.1826,2.1826,260944.0
1764386700,2.1827,2.1827,2.1808,2.1808,75966.6
1764387000,2.1808,2.1815,2.1786,2.1805,195817.9
1764387300,2.1806,2.1845,2.1799,2.1838,122806.4
1764387600,2.1837,2.1863,2.1836,2.1837,50579.0
1764387900,2.1836,2.1841,2.1827,2.1831,88681.3
1764388200,2.1832,2.1867,2.1831,2.1858,170458.7
1764388500,2.1858,2.1862,2.1844,2.1859,83142.2
1764388800,2.1859,2.186,2.1847,2.1855,76885.8
1764389100,2.1856,2.186,2.1823,2.1826,56600.7
1764389400,2.1826,2.1833,2.1807,2.183,43267.2
1764389700,2.183,2.1832,2.18,2.1815,67433.4
1764390000,2.1814,2.1836,2.1812,2.1833,50949.0
1764390300,2.1833,2.1851,2.1833,2.1837,228696.0
1764390600,2.1838,2.1845,2.1818,2.1822,142693.5
1764390900,2.1822,2.1848,2.1818,2.1822,107504.3
1764391200,2.1821,2.1825,2.1809,2.1823,70033.9
1764391500,2.1823,2.1847,2.1823,2.1846,64092.4
1764391800,2.1846,2.1857,2.1837,2.1847,64972.8
1764392100,2.1847,2.1898,2.1847,2.1887,324502.0
1764392400,2.1888,2.1893,2.1866,2.1868,109433.2
1764392700,2.1868,2.1879,2.1864,2.1864,53993.6
1764393000,2.1864,2.1877,2.1856,2.1862,67102.0
1764393300,2.1861,2.188,2.1849,2.188,72569.9
1764393600,2.1881,2.1897,2.1873,2.1879,163584.8
1764393900,2.1879,2.1884,2.1841,2.1853,69751.0
1764394200,2.1853,2.1856,2.1831,2.1834,100676.8
1764394500,2.1835,2.1865,2.1834,2.185,109938.3
1764394800,2.185,2.185,2.1834,2.1839,42259.4
1764395100,2.1839,2.1845,2.1825,2.1826,47095.8
1764395400,2.1827,2.1829,2.1789,2.1799,121528.2
1764395700,2.1798,2.1814,2.1798,2.1814,28058.5
1764396000,2.1814,2.1819,2.1802,2.1805,83336.2
1764396300,2.1805,2.1812,2.1799,2.1812,118560.6
1764396600,2.1811,2.1834,2.1808,2.1824,61353.9
1764396900,2.1825,2.1828,2.1783,2.1783,76900.0
1764397200,2.1782,2.1784,2.172,2.1737,847011.5
1764397500,2.1736,2.1771,2.1731,2.1744,393269.1
1764397800,2.1744,2.1762,2.1666,2.1694,979447.7
1764398100,2.1695,2.1766,2.1676,2.1763,240866.4
1764398400,2.1762,2.1813,2.1761,2.1808,81083.0
1764398700,2.1808,2.1887,2.1808,2.1836,165545.1
1764399000,2.1836,2.1838,2.1797,2.1815,178165.4
1764399300,2.1816,2.1857,2.1811,2.1838,102136.8
1764399600,2.1837,2.1852,2.1828,2.1834,108342.6
1764399900,2.1834,2.1843,2.1796,2.1797,78934.4
1764400200,2.1798,2.1841,2.1797,2.1819,108401.5
1764400500,2.1819,2.1848,2.1811,2.1842,96238.5
1764400800,2.1842,2.1842,2.1813,2.1823,122139.8
1764401100,2.1822,2.185,2.1819,2.185,47446.5
1764401400,2.185,2.1858,2.1823,2.1823,106138.1
1764401700,2.1822,2.1833,2.18,2.1816,126442.4
1764402000,2.1817,2.1821,2.18,2.1801,101082.0
1764402300,2.18,2.1809,2.1738,2.1759,811037.7
1764402600,2.176,2.1778,2.1754,2.1776,98487.1
1764402900,2.1777,2.1813,2.1776,2.1797,153303.2
1764403200,2.1796,2.1796,2.176,2.1774,135846.0
1764403500,2.1774,2.1827,2.1764,2.1767,86007.4
1764403800,2.1766,2.1804,2.1764,2.1791,124619.2
1764404100,2.1791,2.1815,2.1774,2.1778,99331.6
1764404400,2.1778,2.1816,2.1778,2.1796,183683.6
1764404700,2.1796,2.1799,2.1766,2.1769,55234.8
1764405000,2.177,2.1805,2.1741,2.1805,164561.4
1764405300,2.1806,2.1839,2.179,2.1821,82876.3
1764405600,2.1821,2.1827,2.1797,2.181,97568.1
1764405900,2.1811,2.1817,2.1785,2.1793,38947.2
1764406200,2.1793,2.182,2.1793,2.1818,60061.1
1764406500,2.1819,2.1824,2.1794,2.1813,195357.3
1764406800,2.1812,2.1833,2.1808,2.1828,107375.8
1764407100,2.1827,2.1839,2.1765,2.178,123391.1
1764407400,2.178,2.18,2.1774,2.1784,78996.1
1764407700,2.1784,2.1798,2.177,2.1781,72231.4
1764408000,2.1781,2.1789,2.1762,2.1788,105581.7
1764408300,2.1788,2.18,2.1781,2.1783,64553.6
1764408600,2.1783,2.1804,2.1771,2.1792,57549.7
1764408900,2.1792,2.1809,2.1782,2.1796,42527.2
1764409200,2.1796,2.1805,2.1779,2.1801,139916.8
1764409500,2.1802,2.1826,2.1802,2.1822,47695.5
1764409800,2.1822,2.183,2.1813,2.1813,65912.8
1764410100,2.1814,2.1848,2.1813,2.1841,100601.7
1764410400,2.1841,2.1859,2.1837,2.1842,113006.5
1764410700,2.1841,2.1849,2.1811,2.1825,162416.9
1764411000,2.1825,2.1876,2.1825,2.1864,84169.9
1764411300,2.1864,2.1875,2.1823,2.1823,185203.7
1764411600,2.1824,2.184,2.1786,2.184,145354.8
1764411900,2.184,2.1864,2.1833,2.1845,182616.5
1764412200,2.1844,2.1866,2.1843,2.1845,64730.4
1764412500,2.1845,2.1853,2.1825,2.183,78386.5
1764412800,2.183,2.184,2.1829,2.1829,62962.2
1764413100,2.1829,2.1854,2.1829,2.1835,37901.7
1764413400,2.1835,2.1859,2.1835,2.1857,64254.3
1764413700,2.1858,2.1879,2.1855,2.1862,103340.7
1764414000,2.1862,2.1876,2.1858,2.1859,123991.0
1764414300,2.1858,2.1869,2.1837,2.1858,215164.0
1764414600,2.1859,2.1929,2.1859,2.1925,156914.8
1764414900,2.1924,2.1988,2.1914,2.193,405656.3
1764415200,2.1929,2.2028,2.1929,2.2014,524698.3
1764415500,2.2013,2.2031,2.1983,2.2021,284403.1
1764415800,2.2021,2.2048,2.1979,2.2046,281767.8
1764416100,2.2046,2.2076,2.1995,2.2076,378377.3
1764416400,2.2077,2.2147,2.2075,2.2124,1111347.1
1764416700,2.2123,2.213,2.2063,2.2071,229104.3
1764417000,2.207,2.2078,2.203,2.2077,532289.6
1764417300,2.2078,2.2118,2.2069,2.2112,204154.4
1764417600,2.2113,2.2116,2.2061,2.2085,161075.4
1764417900,2.2086,2.2231,2.207,2.2167,604745.4
1764418200,2.2166,2.2191,2.2105,2.2105,432913.9
1764418500,2.2105,2.214,2.2077,2.214,452688.7
1764418800,2.214,2.215,2.2048,2.2052,378949.6
1764419100,2.2052,2.2076,2.2041,2.2066,215538.8
1764419400,2.2066,2.2119,2.2041,2.2106,210335.6
1764419700,2.2107,2.2122,2.2084,2.2104,190684.5
1764420000,2.2104,2.219,2.2085,2.217,314210.3
1764420300,2.2171,2.2202,2.2135,2.2135,1000082.8
1764420600,2.2135,2.2155,2.2124,2.2151,153601.3
1764420900,2.2152,2.2152,2.2111,2.2136,234778.5
1764421200,2.2135,2.2148,2.2104,2.2119,247196.9
1764421500,2.2119,2.2149,2.2079,2.2083,227550.6
1764421800,2.2084,2.2125,2.2083,2.2092,350397.8
1764422100,2.2092,2.2092,2.2027,2.2056,1882221.6
1764422400,2.2057,2.2087,2.2046,2.2051,413986.3
1764422700,2.2051,2.2082,2.2041,2.2078,186351.8
1764423000,2.2079,2.2081,2.2018,2.2018,448590.3
1764423300,2.2019,2.2021,2.1974,2.1994,548870.0
1764423600,2.1993,2.2037,2.1993,2.2035,226715.2
1764423900,2.2036,2.2049,2.2011,2.2014,238130.3
1764424200,2.2014,2.2037,2.1998,2.2008,222300.0
1764424500,2.2008,2.2013,2.1994,2.1998,121948.8
1764424800,2.1999,2.1999,2.1943,2.1958,498285.6
1764425100,2.1959,2.1968,2.1941,2.1947,175021.8
1764425400,2.1947,2.1967,2.1939,2.1967,127211.6
1764425700,2.1967,2.1981,2.1926,2.1926,267418.1
1764426000,2.1926,2.1992,2.1922,2.1991,348216.0
1764426300,2.1991,2.2066,2.1991,2.2063,551046.2
1764426600,2.2064,2.2115,2.2054,2.2064,325042.9
1764426900,2.2063,2.2063,2.2027,2.2033,390126.8
1764427200,2.2034,2.2046,2.2,2.2014,192617.3
1764427500,2.2013,2.2042,2.2004,2.2037,307180.2
1764427800,2.2038,2.2038,2.1979,2.1995,102718.7
1764428100,2.1995,2.2032,2.1988,2.2032,150810.4
1764428400,2.2031,2.2092,2.202,2.2083,233600.7
1764428700,2.2082,2.2135,2.2078,2.2121,451636.9
1764429000,2.2122,2.2158,2.2117,2.2147,327149.3
1764429300,2.2147,2.2212,2.2147,2.2188,830190.0
1764429600,2.2188,2.2201,2.2135,2.2165,365427.0
1764429900,2.2165,2.2174,2.2125,2.2137,440079.0
1764430200,2.2137,2.2184,2.2114,2.2178,394805.8
1764430500,2.2178,2.2179,2.2123,2.215,145536.6
1764430800,2.215,2.215,2.212,2.2128,161879.9
1764431100,2.2128,2.2184,2.2123,2.2166,290072.3
1764431400,2.2165,2.221,2.2165,2.219,406671.7
1764431700,2.219,2.221,2.2177,2.2186,313346.8
1764432000,2.2187,2.2204,2.216,2.2169,195242.8
1764432300,2.2169,2.2189,2.2146,2.2173,366020.1
1764432600,2.2174,2.2193,2.2157,2.2165,133698.6
1764432900,2.2164,2.2197,2.2154,2.2171,275213.8
1764433200,2.2171,2.2178,2.2147,2.2151,593911.5
1764433500,2.2152,2.2152,2.2057,2.2095,986722.6
1764433800,2.2094,2.2109,2.2087,2.2103,186075.0
1764434100,2.2103,2.2132,2.2085,2.2114,147184.2
1764434400,2.2115,2.2167,2.2097,2.2118,359181.5
1764434700,2.2118,2.2129,2.2108,2.212,157312.8
1764435000,2.2119,2.2143,2.2118,2.2143,43296.9
